ra,aluno,disciplina,nota1,nota2,nota3,media,frequencia
2024001,Bruno Lima,Banco de Dados,7.5,8.6,9.2,8.43,87
2024002,Carla Mendes,Matemática,7.2,2.5,8.8,6.17,89
2024003,Diego Rocha,Programação,8.6,4.0,7.7,6.77,77
2024004,Elisa Prado,Matemática,5.1,10.0,9.8,8.3,85
2024005,Felipe Nunes,Redes,6.0,3.2,7.0,5.4,79
2024006,Gabriela Melo,Estatística,8.8,9.0,2.1,6.63,71
2024007,Henrique Dias,Redes,2.6,9.0,5.5,5.7,97
2024008,Isabela Castro,Estatística,6.1,2.5,5.4,4.67,76
2024009,João Pedro,Estatística,4.0,9.3,9.6,7.63,81
2024010,Karen Alves,Estatística,5.4,8.6,3.7,5.9,99
2024011,Lucas Teixeira,Estatística,7.5,5.8,7.0,6.77,93
2024012,Mariana Farias,Redes,2.9,7.1,7.2,5.73,85
2024013,Nicolas Reis,Programação,7.1,3.0,6.3,5.47,97
2024014,Olivia Barros,Redes,7.3,9.0,7.9,8.07,92
2024015,Paulo Câmara,Redes,6.2,8.2,9.1,7.83,68
2024016,Raquel Tavares,Estatística,9.9,4.5,6.6,7.0,73
2024017,Samuel Duarte,Banco de Dados,2.8,8.7,7.4,6.3,81
2024018,Tainá Furtado,Banco de Dados,3.9,8.5,8.9,7.1,99
2024019,Vitor Hugo,Banco de Dados,7.7,3.4,3.1,4.73,78
2024020,Ana Souza,Redes,7.2,6.7,3.3,5.73,80
2024021,Bruno Lima,Programação,6.5,2.8,9.8,6.37,100
2024022,Carla Mendes,Banco de Dados,2.2,9.4,3.3,4.97,78
2024023,Diego Rocha,Programação,6.1,6.1,2.4,4.87,100
2024024,Elisa Prado,Programação,3.3,3.0,8.5,4.93,65
2024025,Felipe Nunes,Programação,3.8,9.1,2.1,5.0,98
2024026,Gabriela Melo,Banco de Dados,5.7,5.0,2.4,4.37,66
2024027,Henrique Dias,Redes,8.7,6.8,8.9,8.13,95
2024028,Isabela Castro,Banco de Dados,3.0,6.4,8.5,5.97,77
2024029,João Pedro,Estatística,5.1,2.7,2.5,3.43,80
2024030,Karen Alves,Redes,4.3,4.6,4.0,4.3,70
2024031,Lucas Teixeira,Redes,6.1,2.4,5.9,4.8,91
2024032,Mariana Farias,Redes,7.1,3.6,4.5,5.07,85
2024033,Nicolas Reis,Matemática,2.3,3.6,8.2,4.7,66
2024034,Olivia Barros,Banco de Dados,8.7,5.2,3.5,5.8,88
2024035,Paulo Câmara,Estatística,9.5,9.6,6.7,8.6,93
2024036,Raquel Tavares,Matemática,4.7,9.2,2.4,5.43,92
2024037,Samuel Duarte,Banco de Dados,5.4,2.7,2.1,3.4,90
2024038,Tainá Furtado,Estatística,4.4,2.7,2.7,3.27,79
2024039,Vitor Hugo,Estatística,2.0,5.6,4.6,4.07,90
2024040,Ana Souza,Redes,8.5,9.3,4.2,7.33,95
2024041,Bruno Lima,Matemática,6.2,2.1,8.2,5.5,77
2024042,Carla Mendes,Banco de Dados,5.4,3.6,6.4,5.13,89
2024043,Diego Rocha,Redes,7.8,6.5,5.2,6.5,89
2024044,Elisa Prado,Redes,5.7,2.1,3.9,3.9,92
2024045,Felipe Nunes,Redes,6.4,9.2,6.5,7.37,95
2024046,Gabriela Melo,Redes,10.0,7.3,5.9,7.73,69
2024047,Henrique Dias,Estatística,2.2,8.4,5.4,5.33,88
2024048,Isabela Castro,Banco de Dados,8.8,6.6,9.2,8.2,66
2024049,João Pedro,Redes,3.9,2.2,2.7,2.93,92
2024050,Karen Alves,Estatística,5.6,9.7,6.2,7.17,100
2024051,Lucas Teixeira,Programação,5.0,4.4,2.6,4.0,65
2024052,Mariana Farias,Redes,4.9,3.1,2.6,3.53,94
2024053,Nicolas Reis,Estatística,4.7,4.5,9.7,6.3,94
2024054,Olivia Barros,Banco de Dados,5.7,7.6,7.4,6.9,73
2024055,Paulo Câmara,Banco de Dados,4.4,6.8,8.3,6.5,71
2024056,Raquel Tavares,Redes,7.4,8.7,6.4,7.5,82
2024057,Samuel Duarte,Matemática,6.9,6.7,9.5,7.7,92
2024058,Tainá Furtado,Estatística,3.4,3.1,9.5,5.33,86
2024059,Vitor Hugo,Redes,6.7,5.6,8.5,6.93,81
2024060,Ana Souza,Estatística,4.1,3.1,8.6,5.27,87
2024061,Bruno Lima,Estatística,5.0,8.7,2.4,5.37,92
2024062,Carla Mendes,Redes,3.0,8.8,3.1,4.97,88
2024063,Diego Rocha,Banco de Dados,8.6,7.7,2.1,6.13,68
2024064,Elisa Prado,Matemática,7.1,3.8,7.6,6.17,86
2024065,Felipe Nunes,Banco de Dados,4.2,2.4,3.4,3.33,73
2024066,Gabriela Melo,Estatística,8.8,5.8,3.4,6.0,75
2024067,Henrique Dias,Redes,6.9,9.1,9.1,8.37,82
2024068,Isabela Castro,Matemática,2.5,5.9,7.2,5.2,98
2024069,João Pedro,Programação,3.3,4.1,5.6,4.33,70
2024070,Karen Alves,Programação,9.9,2.6,9.5,7.33,99
2024071,Lucas Teixeira,Estatística,2.0,2.5,8.3,4.27,100
2024072,Mariana Farias,Matemática,2.7,6.6,9.8,6.37,76
2024073,Nicolas Reis,Banco de Dados,9.1,2.9,8.5,6.83,70
2024074,Olivia Barros,Estatística,3.5,2.6,9.0,5.03,88
2024075,Paulo Câmara,Programação,9.6,8.9,5.5,8.0,73
2024076,Raquel Tavares,Programação,2.4,5.7,8.5,5.53,85
2024077,Samuel Duarte,Matemática,2.0,5.9,9.2,5.7,70
2024078,Tainá Furtado,Redes,6.6,4.5,7.7,6.27,83
2024079,Vitor Hugo,Programação,8.5,3.1,6.5,6.03,94
2024080,Ana Souza,Banco de Dados,6.7,6.6,8.9,7.4,91
2024081,Bruno Lima,Estatística,3.1,4.1,9.7,5.63,72
2024082,Carla Mendes,Banco de Dados,8.7,2.7,7.0,6.13,97
2024083,Diego Rocha,Programação,9.8,3.6,4.5,5.97,99
2024084,Elisa Prado,Matemática,3.7,8.2,8.2,6.7,67
2024085,Felipe Nunes,Estatística,4.7,3.2,8.2,5.37,90
2024086,Gabriela Melo,Programação,7.5,2.5,9.1,6.37,78
2024087,Henrique Dias,Estatística,5.5,6.2,9.1,6.93,80
2024088,Isabela Castro,Estatística,9.0,3.2,6.2,6.13,90
2024089,João Pedro,Estatística,9.8,5.5,8.0,7.77,93
2024090,Karen Alves,Programação,6.7,3.8,7.7,6.07,81
2024091,Lucas Teixeira,Estatística,9.4,6.0,6.4,7.27,76
2024092,Mariana Farias,Estatística,8.4,5.1,9.9,7.8,84
2024093,Nicolas Reis,Banco de Dados,9.3,6.3,4.6,6.73,68
2024094,Olivia Barros,Banco de Dados,8.5,9.4,7.6,8.5,90
2024095,Paulo Câmara,Estatística,5.6,4.7,2.6,4.3,90
2024096,Raquel Tavares,Programação,3.6,3.5,8.6,5.23,67
2024097,Samuel Duarte,Redes,9.5,9.2,4.6,7.77,67
2024098,Tainá Furtado,Banco de Dados,7.0,4.5,2.2,4.57,71
2024099,Vitor Hugo,Programação,2.8,2.7,2.8,2.77,97
2024100,Ana Souza,Banco de Dados,2.8,9.9,2.2,4.97,86
2024101,Bruno Lima,Estatística,7.6,5.6,5.1,6.1,76
2024102,Carla Mendes,Programação,7.1,5.2,7.0,6.43,79
2024103,Diego Rocha,Estatística,8.5,9.5,7.6,8.53,70
2024104,Elisa Prado,Programação,10.0,9.1,7.3,8.8,76
2024105,Felipe Nunes,Banco de Dados,9.2,8.3,9.2,8.9,87
2024106,Gabriela Melo,Matemática,2.1,8.9,8.1,6.37,68
2024107,Henrique Dias,Matemática,4.6,4.7,8.9,6.07,76
2024108,Isabela Castro,Estatística,9.7,7.2,7.5,8.13,81
2024109,João Pedro,Banco de Dados,7.1,6.9,2.3,5.43,83
2024110,Karen Alves,Matemática,9.6,5.9,8.1,7.87,77
2024111,Lucas Teixeira,Programação,5.7,6.4,9.4,7.17,88
2024112,Mariana Farias,Matemática,9.3,7.3,8.6,8.4,68
2024113,Nicolas Reis,Matemática,9.9,4.3,7.4,7.2,78
2024114,Olivia Barros,Estatística,8.2,2.1,7.5,5.93,72
2024115,Paulo Câmara,Matemática,4.2,3.0,2.3,3.17,78
2024116,Raquel Tavares,Banco de Dados,2.4,6.9,9.8,6.37,83
2024117,Samuel Duarte,Matemática,2.6,4.4,6.9,4.63,71
2024118,Tainá Furtado,Programação,9.9,4.7,6.9,7.17,76
2024119,Vitor Hugo,Redes,4.9,8.1,3.9,5.63,88
2024120,Ana Souza,Redes,4.7,2.4,5.1,4.07,67
2024121,Bruno Lima,Matemática,5.3,5.9,9.5,6.9,65
2024122,Carla Mendes,Matemática,5.2,5.4,9.3,6.63,100
2024123,Diego Rocha,Matemática,2.6,5.1,5.5,4.4,81
2024124,Elisa Prado,Matemática,8.2,9.2,10.0,9.13,97
2024125,Felipe Nunes,Estatística,7.6,3.0,9.1,6.57,78
2024126,Gabriela Melo,Programação,6.6,4.3,6.6,5.83,88
2024127,Henrique Dias,Programação,2.2,5.1,5.7,4.33,75
2024128,Isabela Castro,Estatística,4.6,3.7,7.1,5.13,65
2024129,João Pedro,Matemática,5.9,9.9,4.5,6.77,73
2024130,Karen Alves,Banco de Dados,3.5,2.8,6.3,4.2,76
2024131,Lucas Teixeira,Redes,2.5,3.5,9.6,5.2,74
2024132,Mariana Farias,Programação,8.3,4.5,8.8,7.2,69
2024133,Nicolas Reis,Matemática,7.9,2.3,2.3,4.17,91
2024134,Olivia Barros,Matemática,4.8,2.0,8.1,4.97,99
2024135,Paulo Câmara,Redes,9.3,6.1,3.9,6.43,74
2024136,Raquel Tavares,Matemática,2.7,5.1,3.8,3.87,73
2024137,Samuel Duarte,Redes,9.4,4.3,7.4,7.03,94
2024138,Tainá Furtado,Estatística,8.0,10.0,6.5,8.17,99
2024139,Vitor Hugo,Banco de Dados,4.6,6.5,3.5,4.87,75
2024140,Ana Souza,Redes,7.9,8.2,4.5,6.87,90
2024141,Bruno Lima,Matemática,3.8,8.7,5.4,5.97,76
2024142,Carla Mendes,Matemática,9.1,3.1,5.0,5.73,98
2024143,Diego Rocha,Programação,2.6,5.7,5.7,4.67,66
2024144,Elisa Prado,Redes,3.0,9.3,2.9,5.07,87
2024145,Felipe Nunes,Programação,3.8,8.0,2.0,4.6,77
2024146,Gabriela Melo,Banco de Dados,7.6,3.3,7.2,6.03,75
2024147,Henrique Dias,Matemática,4.8,9.3,8.3,7.47,98
2024148,Isabela Castro,Redes,9.3,7.8,7.5,8.2,71
2024149,João Pedro,Banco de Dados,2.9,2.9,5.5,3.77,99
2024150,Karen Alves,Estatística,4.7,6.4,7.8,6.3,85
2024151,Lucas Teixeira,Redes,8.0,7.5,5.8,7.1,71
2024152,Mariana Farias,Banco de Dados,6.4,2.4,2.4,3.73,86
2024153,Nicolas Reis,Programação,5.8,8.1,7.6,7.17,78
2024154,Olivia Barros,Matemática,6.4,5.0,9.5,6.97,97
2024155,Paulo Câmara,Redes,5.8,3.4,6.1,5.1,86
2024156,Raquel Tavares,Estatística,8.9,7.3,10.0,8.73,73
2024157,Samuel Duarte,Programação,7.8,5.8,2.0,5.2,76
2024158,Tainá Furtado,Redes,3.7,4.4,3.0,3.7,79
2024159,Vitor Hugo,Programação,7.3,3.2,4.0,4.83,82
2024160,Ana Souza,Estatística,5.9,4.2,3.7,4.6,73
2024161,Bruno Lima,Redes,8.0,2.5,9.8,6.77,88
2024162,Carla Mendes,Redes,6.8,3.6,2.1,4.17,73
2024163,Diego Rocha,Matemática,3.0,7.1,9.8,6.63,82
2024164,Elisa Prado,Programação,3.8,3.0,7.7,4.83,96
2024165,Felipe Nunes,Estatística,8.8,3.0,9.0,6.93,80
2024166,Gabriela Melo,Estatística,7.7,2.3,8.2,6.07,73
2024167,Henrique Dias,Redes,2.7,4.7,2.4,3.27,81
2024168,Isabela Castro,Banco de Dados,3.6,7.5,8.6,6.57,87
2024169,João Pedro,Redes,3.8,8.6,5.7,6.03,87
2024170,Karen Alves,Banco de Dados,9.2,2.8,6.3,6.1,73
2024171,Lucas Teixeira,Matemática,7.5,7.2,9.9,8.2,70
2024172,Mariana Farias,Banco de Dados,7.5,8.5,9.8,8.6,69
2024173,Nicolas Reis,Banco de Dados,4.4,8.9,2.3,5.2,75
2024174,Olivia Barros,Redes,8.0,6.2,3.0,5.73,66
2024175,Paulo Câmara,Estatística,4.0,9.7,6.3,6.67,82
2024176,Raquel Tavares,Matemática,7.0,5.1,3.2,5.1,70
2024177,Samuel Duarte,Programação,9.5,5.4,2.1,5.67,68
2024178,Tainá Furtado,Estatística,5.2,9.1,9.8,8.03,91
2024179,Vitor Hugo,Banco de Dados,5.7,8.0,9.1,7.6,89
2024180,Ana Souza,Programação,7.6,9.4,2.7,6.57,97
2024181,Bruno Lima,Banco de Dados,4.9,2.5,6.6,4.67,81
2024182,Carla Mendes,Estatística,7.2,5.5,5.5,6.07,77
2024183,Diego Rocha,Estatística,6.8,3.5,3.8,4.7,91
2024184,Elisa Prado,Estatística,2.1,7.2,5.0,4.77,94
2024185,Felipe Nunes,Programação,3.0,3.4,3.1,3.17,72
2024186,Gabriela Melo,Matemática,4.4,3.2,3.7,3.77,91
2024187,Henrique Dias,Programação,9.4,7.9,9.5,8.93,100
2024188,Isabela Castro,Estatística,4.1,3.2,7.4,4.9,97
2024189,João Pedro,Matemática,6.3,5.9,9.9,7.37,71
2024190,Karen Alves,Redes,9.4,3.2,3.9,5.5,84
2024191,Lucas Teixeira,Matemática,7.3,6.6,5.0,6.3,79
2024192,Mariana Farias,Programação,6.5,8.4,9.1,8.0,83
2024193,Nicolas Reis,Banco de Dados,9.8,3.5,4.9,6.07,68
2024194,Olivia Barros,Estatística,6.3,3.8,4.1,4.73,77
2024195,Paulo Câmara,Matemática,8.5,3.9,2.6,5.0,88
2024196,Raquel Tavares,Redes,6.0,2.2,9.8,6.0,82
2024197,Samuel Duarte,Estatística,8.9,8.2,5.1,7.4,82
2024198,Tainá Furtado,Banco de Dados,4.6,5.6,6.7,5.63,82
2024199,Vitor Hugo,Estatística,9.6,4.9,3.9,6.13,88
2024200,Ana Souza,Redes,5.8,8.9,5.1,6.6,97
2024201,Bruno Lima,Banco de Dados,9.7,2.5,3.7,5.3,82
2024202,Carla Mendes,Programação,2.6,4.7,5.0,4.1,99
2024203,Diego Rocha,Matemática,6.6,9.4,9.5,8.5,84
2024204,Elisa Prado,Redes,2.7,4.7,8.1,5.17,74
2024205,Felipe Nunes,Estatística,8.3,5.0,5.1,6.13,84
2024206,Gabriela Melo,Banco de Dados,3.5,8.8,3.9,5.4,94
2024207,Henrique Dias,Estatística,3.1,4.9,7.7,5.23,72
2024208,Isabela Castro,Estatística,3.5,3.0,8.5,5.0,68
2024209,João Pedro,Estatística,7.2,6.7,4.0,5.97,75
2024210,Karen Alves,Banco de Dados,8.5,4.4,4.5,5.8,84
2024211,Lucas Teixeira,Programação,7.7,2.4,6.5,5.53,79
2024212,Mariana Farias,Banco de Dados,3.8,9.7,7.4,6.97,66
2024213,Nicolas Reis,Matemática,6.3,7.5,3.0,5.6,98
2024214,Olivia Barros,Estatística,9.4,3.1,3.0,5.17,88
2024215,Paulo Câmara,Redes,5.6,9.3,6.5,7.13,85
2024216,Raquel Tavares,Programação,3.7,8.5,7.3,6.5,76
2024217,Samuel Duarte,Banco de Dados,9.1,6.0,5.7,6.93,82
2024218,Tainá Furtado,Banco de Dados,2.4,6.0,7.1,5.17,75
2024219,Vitor Hugo,Matemática,7.5,5.3,4.7,5.83,74
2024220,Ana Souza,Programação,9.2,5.7,3.1,6.0,92
2024221,Bruno Lima,Banco de Dados,7.5,5.3,3.6,5.47,65
2024222,Carla Mendes,Matemática,4.2,2.5,8.6,5.1,87
2024223,Diego Rocha,Programação,8.5,9.5,2.5,6.83,88
2024224,Elisa Prado,Estatística,7.2,7.3,2.4,5.63,66
2024225,Felipe Nunes,Programação,5.9,7.5,7.8,7.07,69
2024226,Gabriela Melo,Estatística,3.5,5.7,8.8,6.0,77
2024227,Henrique Dias,Matemática,5.4,6.8,3.8,5.33,72
2024228,Isabela Castro,Programação,8.1,6.2,7.0,7.1,70
2024229,João Pedro,Banco de Dados,9.9,9.3,3.6,7.6,77
2024230,Karen Alves,Banco de Dados,7.0,4.8,3.2,5.0,90
2024231,Lucas Teixeira,Programação,9.3,2.2,7.2,6.23,96
2024232,Mariana Farias,Programação,4.8,7.8,9.7,7.43,87
2024233,Nicolas Reis,Programação,9.3,3.2,3.2,5.23,93
2024234,Olivia Barros,Programação,7.6,3.5,6.2,5.77,76
2024235,Paulo Câmara,Matemática,4.3,8.8,7.5,6.87,79
2024236,Raquel Tavares,Estatística,3.8,3.8,5.4,4.33,97
2024237,Samuel Duarte,Estatística,9.8,5.8,2.7,6.1,68
2024238,Tainá Furtado,Redes,9.8,2.4,3.5,5.23,96
2024239,Vitor Hugo,Matemática,8.1,8.5,8.6,8.4,77
2024240,Ana Souza,Banco de Dados,2.3,2.1,3.0,2.47,90
2024241,Bruno Lima,Matemática,4.8,8.8,8.6,7.4,100
2024242,Carla Mendes,Programação,9.1,6.5,6.5,7.37,76
2024243,Diego Rocha,Matemática,9.7,5.9,8.4,8.0,92
2024244,Elisa Prado,Estatística,6.3,4.1,5.2,5.2,77
2024245,Felipe Nunes,Estatística,5.5,4.1,3.2,4.27,78
2024246,Gabriela Melo,Programação,3.1,3.3,7.7,4.7,66
2024247,Henrique Dias,Matemática,8.0,4.3,10.0,7.43,87
2024248,Isabela Castro,Redes,9.9,8.9,6.5,8.43,76
2024249,João Pedro,Programação,7.9,4.8,2.5,5.07,76
2024250,Karen Alves,Redes,9.9,4.7,5.0,6.53,68
2024251,Lucas Teixeira,Banco de Dados,3.9,9.2,8.3,7.13,95
2024252,Mariana Farias,Programação,2.5,7.2,6.3,5.33,82
2024253,Nicolas Reis,Banco de Dados,7.5,5.9,2.8,5.4,80
2024254,Olivia Barros,Matemática,5.9,4.5,8.9,6.43,84
2024255,Paulo Câmara,Matemática,7.2,4.6,2.1,4.63,69
2024256,Raquel Tavares,Programação,8.2,3.4,7.3,6.3,97
2024257,Samuel Duarte,Estatística,7.3,3.8,8.6,6.57,95
2024258,Tainá Furtado,Estatística,5.1,4.5,4.2,4.6,95
2024259,Vitor Hugo,Matemática,4.9,4.0,2.6,3.83,76
2024260,Ana Souza,Matemática,4.9,5.4,7.8,6.03,69
2024261,Bruno Lima,Matemática,6.5,9.3,4.7,6.83,92
2024262,Carla Mendes,Estatística,2.1,9.5,2.7,4.77,89
2024263,Diego Rocha,Redes,9.9,6.7,5.6,7.4,96
2024264,Elisa Prado,Estatística,8.4,2.5,8.4,6.43,73
2024265,Felipe Nunes,Matemática,4.0,5.5,3.3,4.27,65
2024266,Gabriela Melo,Matemática,7.0,7.2,2.8,5.67,70
2024267,Henrique Dias,Programação,4.5,9.5,6.6,6.87,92
2024268,Isabela Castro,Redes,5.2,6.3,7.2,6.23,90
2024269,João Pedro,Matemática,6.5,6.2,3.7,5.47,75
2024270,Karen Alves,Banco de Dados,5.9,5.9,2.6,4.8,76
2024271,Lucas Teixeira,Programação,5.5,5.1,8.1,6.23,94
2024272,Mariana Farias,Estatística,7.6,9.7,6.3,7.87,95
2024273,Nicolas Reis,Redes,5.4,3.9,7.1,5.47,78
2024274,Olivia Barros,Redes,9.2,7.6,4.5,7.1,72
2024275,Paulo Câmara,Redes,2.7,8.2,4.6,5.17,77
2024276,Raquel Tavares,Matemática,9.6,7.4,8.3,8.43,86
2024277,Samuel Duarte,Programação,3.9,3.2,3.3,3.47,69
2024278,Tainá Furtado,Estatística,8.7,8.2,5.9,7.6,89
2024279,Vitor Hugo,Estatística,9.9,6.5,5.6,7.33,83
2024280,Ana Souza,Banco de Dados,2.1,2.4,3.1,2.53,100
2024281,Bruno Lima,Banco de Dados,5.2,4.5,7.3,5.67,92
2024282,Carla Mendes,Banco de Dados,5.2,6.6,6.7,6.17,84
2024283,Diego Rocha,Matemática,5.4,3.6,9.1,6.03,92
2024284,Elisa Prado,Matemática,4.1,4.6,2.2,3.63,80
2024285,Felipe Nunes,Estatística,4.5,3.8,3.6,3.97,89
2024286,Gabriela Melo,Estatística,6.5,6.9,9.7,7.7,93
2024287,Henrique Dias,Matemática,2.9,7.1,7.2,5.73,73
2024288,Isabela Castro,Redes,7.6,3.8,3.6,5.0,88
2024289,João Pedro,Redes,5.7,2.1,4.9,4.23,72
2024290,Karen Alves,Programação,6.2,5.7,7.4,6.43,92
2024291,Lucas Teixeira,Estatística,3.9,2.6,4.5,3.67,83
2024292,Mariana Farias,Redes,7.0,6.5,6.6,6.7,86
2024293,Nicolas Reis,Redes,5.1,9.4,5.3,6.6,92
2024294,Olivia Barros,Programação,4.4,4.6,4.1,4.37,83
2024295,Paulo Câmara,Programação,4.5,4.1,2.6,3.73,84
2024296,Raquel Tavares,Redes,3.0,6.6,6.8,5.47,80
2024297,Samuel Duarte,Redes,3.9,7.6,8.9,6.8,82
2024298,Tainá Furtado,Redes,5.6,3.8,9.0,6.13,91
2024299,Vitor Hugo,Estatística,2.1,8.1,8.7,6.3,100
2024300,Ana Souza,Programação,3.2,2.4,4.6,3.4,91
2024301,Bruno Lima,Programação,6.8,5.8,9.5,7.37,99
2024302,Carla Mendes,Redes,6.7,9.5,2.8,6.33,75
2024303,Diego Rocha,Matemática,9.7,10.0,8.1,9.27,93
2024304,Elisa Prado,Programação,2.5,3.4,8.9,4.93,67
2024305,Felipe Nunes,Banco de Dados,4.6,9.2,6.1,6.63,77
2024306,Gabriela Melo,Estatística,7.0,8.3,5.0,6.77,95
2024307,Henrique Dias,Redes,3.1,8.2,2.3,4.53,65
2024308,Isabela Castro,Matemática,4.4,6.5,8.8,6.57,89
2024309,João Pedro,Matemática,3.2,6.9,6.5,5.53,66
2024310,Karen Alves,Programação,9.2,9.0,2.9,7.03,72
2024311,Lucas Teixeira,Programação,7.9,5.7,8.9,7.5,87
2024312,Mariana Farias,Redes,7.7,5.1,4.6,5.8,86
2024313,Nicolas Reis,Banco de Dados,9.7,6.4,5.4,7.17,70
2024314,Olivia Barros,Redes,6.9,9.6,4.1,6.87,88
2024315,Paulo Câmara,Redes,4.4,4.1,4.6,4.37,89
2024316,Raquel Tavares,Programação,2.7,3.8,6.3,4.27,88
2024317,Samuel Duarte,Matemática,9.1,4.4,3.5,5.67,91
2024318,Tainá Furtado,Programação,9.5,7.9,2.3,6.57,80
2024319,Vitor Hugo,Programação,4.5,4.3,4.1,4.3,78
2024320,Ana Souza,Matemática,2.1,3.9,5.6,3.87,91
2024321,Bruno Lima,Redes,7.9,7.4,7.3,7.53,99
2024322,Carla Mendes,Matemática,2.3,8.3,9.9,6.83,85
2024323,Diego Rocha,Programação,6.6,4.2,8.0,6.27,68
2024324,Elisa Prado,Programação,9.1,7.2,7.2,7.83,96
2024325,Felipe Nunes,Banco de Dados,9.1,2.5,4.1,5.23,67
2024326,Gabriela Melo,Estatística,3.7,4.5,3.2,3.8,99
2024327,Henrique Dias,Estatística,9.6,3.3,8.5,7.13,82
2024328,Isabela Castro,Banco de Dados,5.1,3.4,8.0,5.5,75
2024329,João Pedro,Programação,3.6,6.2,3.2,4.33,79
2024330,Karen Alves,Matemática,3.1,3.1,5.2,3.8,71
2024331,Lucas Teixeira,Programação,3.6,2.1,2.2,2.63,77
2024332,Mariana Farias,Estatística,5.3,5.5,7.9,6.23,72
2024333,Nicolas Reis,Banco de Dados,8.3,4.9,8.5,7.23,93
2024334,Olivia Barros,Banco de Dados,3.1,5.8,6.9,5.27,85
2024335,Paulo Câmara,Programação,9.2,2.5,4.2,5.3,88
2024336,Raquel Tavares,Programação,2.4,9.5,3.4,5.1,79
2024337,Samuel Duarte,Redes,6.4,4.1,5.9,5.47,80
2024338,Tainá Furtado,Matemática,3.7,7.7,9.6,7.0,73
2024339,Vitor Hugo,Matemática,3.0,4.4,2.5,3.3,66
2024340,Ana Souza,Matemática,5.6,3.3,3.3,4.07,73
2024341,Bruno Lima,Estatística,2.4,5.0,5.5,4.3,91
2024342,Carla Mendes,Estatística,7.3,6.4,7.8,7.17,71
2024343,Diego Rocha,Banco de Dados,7.1,7.5,4.6,6.4,81
2024344,Elisa Prado,Banco de Dados,2.8,8.3,6.8,5.97,76
2024345,Felipe Nunes,Estatística,2.4,4.9,6.3,4.53,99
2024346,Gabriela Melo,Banco de Dados,3.2,7.4,7.0,5.87,86
2024347,Henrique Dias,Redes,9.0,2.5,3.2,4.9,67
2024348,Isabela Castro,Redes,8.3,4.7,5.2,6.07,99
2024349,João Pedro,Estatística,7.7,9.3,7.8,8.27,74
2024350,Karen Alves,Programação,5.9,7.0,5.6,6.17,69
2024351,Lucas Teixeira,Programação,2.8,2.7,9.8,5.1,72
2024352,Mariana Farias,Redes,5.7,6.1,3.9,5.23,87
2024353,Nicolas Reis,Redes,5.3,9.3,6.9,7.17,69
2024354,Olivia Barros,Banco de Dados,8.8,8.9,5.9,7.87,67
2024355,Paulo Câmara,Programação,6.8,4.8,6.7,6.1,81
2024356,Raquel Tavares,Estatística,3.4,4.5,9.1,5.67,72
2024357,Samuel Duarte,Banco de Dados,2.8,3.4,9.2,5.13,89
2024358,Tainá Furtado,Estatística,4.0,6.5,3.5,4.67,66
2024359,Vitor Hugo,Estatística,8.9,3.2,2.9,5.0,76
2024360,Ana Souza,Banco de Dados,7.4,7.5,4.1,6.33,89
2024361,Bruno Lima,Programação,9.3,7.9,2.0,6.4,99
2024362,Carla Mendes,Programação,3.6,4.3,4.4,4.1,66
2024363,Diego Rocha,Estatística,6.0,6.1,6.1,6.07,86
2024364,Elisa Prado,Matemática,4.2,2.2,3.3,3.23,88
2024365,Felipe Nunes,Redes,7.5,8.1,7.5,7.7,69
2024366,Gabriela Melo,Redes,8.1,4.5,8.3,6.97,93
2024367,Henrique Dias,Banco de Dados,4.1,7.6,3.5,5.07,92
2024368,Isabela Castro,Programação,3.3,9.0,7.9,6.73,91
2024369,João Pedro,Programação,4.1,5.6,6.0,5.23,85
2024370,Karen Alves,Programação,3.3,4.9,3.2,3.8,91
2024371,Lucas Teixeira,Matemática,9.1,4.8,2.7,5.53,73
2024372,Mariana Farias,Matemática,7.2,6.6,9.4,7.73,74
2024373,Nicolas Reis,Redes,4.3,2.6,9.4,5.43,91
2024374,Olivia Barros,Programação,2.3,6.7,4.5,4.5,90
2024375,Paulo Câmara,Programação,5.5,5.7,7.8,6.33,74
2024376,Raquel Tavares,Banco de Dados,3.4,7.0,4.4,4.93,76
2024377,Samuel Duarte,Matemática,5.5,2.6,7.3,5.13,97
2024378,Tainá Furtado,Matemática,7.2,6.4,2.8,5.47,78
2024379,Vitor Hugo,Matemática,3.8,6.3,8.8,6.3,67
2024380,Ana Souza,Estatística,6.6,8.8,3.8,6.4,75
2024381,Bruno Lima,Matemática,8.6,2.7,8.8,6.7,71
2024382,Carla Mendes,Programação,8.3,5.0,4.4,5.9,72
2024383,Diego Rocha,Estatística,6.3,9.0,6.3,7.2,99
2024384,Elisa Prado,Banco de Dados,9.9,4.4,2.1,5.47,72
2024385,Felipe Nunes,Redes,4.6,6.5,2.5,4.53,84
2024386,Gabriela Melo,Estatística,8.0,8.7,7.4,8.03,67
2024387,Henrique Dias,Banco de Dados,3.4,9.4,9.3,7.37,96
2024388,Isabela Castro,Banco de Dados,7.1,5.8,8.7,7.2,98
2024389,João Pedro,Estatística,8.2,9.7,7.1,8.33,83
2024390,Karen Alves,Banco de Dados,8.0,8.2,3.0,6.4,92
2024391,Lucas Teixeira,Programação,3.7,7.3,2.9,4.63,74
2024392,Mariana Farias,Banco de Dados,8.5,3.4,3.5,5.13,66
2024393,Nicolas Reis,Estatística,7.5,2.4,3.3,4.4,81
2024394,Olivia Barros,Redes,3.7,9.8,4.3,5.93,96
2024395,Paulo Câmara,Redes,9.3,6.5,8.9,8.23,72
2024396,Raquel Tavares,Matemática,5.8,6.9,3.2,5.3,91
2024397,Samuel Duarte,Redes,6.9,9.8,4.2,6.97,98
2024398,Tainá Furtado,Matemática,7.2,6.1,3.6,5.63,100
2024399,Vitor Hugo,Matemática,2.5,9.0,5.4,5.63,66
2024400,Ana Souza,Programação,7.6,2.5,4.8,4.97,77
2024401,Bruno Lima,Programação,6.3,3.5,5.2,5.0,71
2024402,Carla Mendes,Matemática,4.6,2.4,8.5,5.17,82
2024403,Diego Rocha,Programação,9.1,9.2,6.4,8.23,65
2024404,Elisa Prado,Estatística,6.4,3.3,5.3,5.0,75
2024405,Felipe Nunes,Redes,8.1,2.5,5.6,5.4,99
2024406,Gabriela Melo,Banco de Dados,3.3,5.7,5.5,4.83,80
2024407,Henrique Dias,Programação,3.4,6.4,9.1,6.3,97
2024408,Isabela Castro,Redes,9.1,7.4,9.1,8.53,78
2024409,João Pedro,Programação,8.5,5.3,8.0,7.27,97
2024410,Karen Alves,Estatística,7.1,9.1,9.7,8.63,90
2024411,Lucas Teixeira,Programação,5.2,2.8,5.5,4.5,84
2024412,Mariana Farias,Matemática,2.0,2.6,3.2,2.6,97
2024413,Nicolas Reis,Programação,3.6,3.8,6.9,4.77,71
2024414,Olivia Barros,Redes,8.8,7.8,3.8,6.8,76
2024415,Paulo Câmara,Banco de Dados,7.9,7.8,2.5,6.07,95
2024416,Raquel Tavares,Estatística,7.7,8.1,9.5,8.43,66
2024417,Samuel Duarte,Banco de Dados,9.6,5.9,5.1,6.87,67
2024418,Tainá Furtado,Banco de Dados,8.0,7.8,8.6,8.13,75
2024419,Vitor Hugo,Matemática,7.1,9.5,6.2,7.6,82
2024420,Ana Souza,Programação,8.2,7.0,5.7,6.97,93
2024421,Bruno Lima,Banco de Dados,2.9,9.3,7.6,6.6,87
2024422,Carla Mendes,Redes,5.4,8.8,7.1,7.1,99
2024423,Diego Rocha,Estatística,4.8,6.0,7.9,6.23,66
2024424,Elisa Prado,Programação,7.6,5.0,7.6,6.73,90
2024425,Felipe Nunes,Redes,5.1,3.4,9.0,5.83,71
2024426,Gabriela Melo,Programação,4.6,3.6,6.9,5.03,75
2024427,Henrique Dias,Estatística,4.6,6.8,7.4,6.27,65
2024428,Isabela Castro,Banco de Dados,7.9,9.1,6.6,7.87,66
2024429,João Pedro,Banco de Dados,4.1,5.8,8.1,6.0,91
2024430,Karen Alves,Banco de Dados,6.7,10.0,2.5,6.4,93
2024431,Lucas Teixeira,Redes,6.9,5.9,6.5,6.43,100
2024432,Mariana Farias,Redes,5.7,7.5,6.0,6.4,100
2024433,Nicolas Reis,Estatística,7.5,8.8,4.3,6.87,82
2024434,Olivia Barros,Matemática,9.6,3.5,6.9,6.67,97
2024435,Paulo Câmara,Estatística,2.9,5.7,4.3,4.3,94
2024436,Raquel Tavares,Redes,9.5,4.7,5.2,6.47,99
2024437,Samuel Duarte,Redes,2.9,5.0,8.2,5.37,99
2024438,Tainá Furtado,Matemática,4.1,4.5,8.3,5.63,75
2024439,Vitor Hugo,Redes,8.4,9.0,4.6,7.33,75
2024440,Ana Souza,Matemática,8.7,9.9,3.3,7.3,73
2024441,Bruno Lima,Banco de Dados,2.3,5.2,6.4,4.63,68
2024442,Carla Mendes,Matemática,8.7,3.4,6.3,6.13,81
2024443,Diego Rocha,Estatística,6.2,8.2,2.0,5.47,99
2024444,Elisa Prado,Redes,6.4,9.0,8.4,7.93,86
2024445,Felipe Nunes,Banco de Dados,4.4,8.5,6.4,6.43,95
2024446,Gabriela Melo,Estatística,8.7,7.9,2.8,6.47,87
2024447,Henrique Dias,Banco de Dados,9.9,3.9,3.2,5.67,93
2024448,Isabela Castro,Estatística,9.3,2.4,3.7,5.13,87
2024449,João Pedro,Banco de Dados,8.1,5.2,6.7,6.67,87
2024450,Karen Alves,Programação,2.1,9.7,4.9,5.57,83
2024451,Lucas Teixeira,Matemática,6.5,8.1,3.5,6.03,93
2024452,Mariana Farias,Redes,7.3,9.2,4.4,6.97,93
2024453,Nicolas Reis,Redes,2.4,8.1,9.3,6.6,66
2024454,Olivia Barros,Matemática,6.2,3.3,9.0,6.17,67
2024455,Paulo Câmara,Matemática,2.9,8.0,5.4,5.43,72
2024456,Raquel Tavares,Matemática,3.8,9.4,4.4,5.87,81
2024457,Samuel Duarte,Programação,6.8,9.5,5.1,7.13,82
2024458,Tainá Furtado,Estatística,9.6,6.5,9.4,8.5,88
2024459,Vitor Hugo,Programação,4.4,2.3,3.1,3.27,73
2024460,Ana Souza,Matemática,4.6,4.8,6.8,5.4,95
2024461,Bruno Lima,Programação,4.5,5.4,3.4,4.43,76
2024462,Carla Mendes,Matemática,6.9,4.7,3.7,5.1,83
2024463,Diego Rocha,Banco de Dados,8.3,4.1,4.5,5.63,89
2024464,Elisa Prado,Estatística,6.3,7.5,4.6,6.13,79
2024465,Felipe Nunes,Redes,5.5,3.4,8.8,5.9,79
2024466,Gabriela Melo,Redes,3.8,2.0,8.6,4.8,73
2024467,Henrique Dias,Estatística,4.7,4.8,2.8,4.1,68
2024468,Isabela Castro,Matemática,7.9,5.2,7.3,6.8,70
2024469,João Pedro,Matemática,9.4,8.2,3.9,7.17,74
2024470,Karen Alves,Banco de Dados,6.0,5.4,4.2,5.2,99
2024471,Lucas Teixeira,Programação,6.9,6.4,7.7,7.0,85
2024472,Mariana Farias,Redes,4.6,3.4,7.3,5.1,75
2024473,Nicolas Reis,Estatística,3.1,8.9,2.8,4.93,72
2024474,Olivia Barros,Redes,4.6,4.9,2.7,4.07,69
2024475,Paulo Câmara,Matemática,4.7,2.4,8.8,5.3,68
2024476,Raquel Tavares,Estatística,4.5,2.7,5.6,4.27,84
2024477,Samuel Duarte,Estatística,5.8,8.1,7.1,7.0,87
2024478,Tainá Furtado,Programação,4.4,9.0,7.9,7.1,83
2024479,Vitor Hugo,Matemática,8.7,8.8,3.0,6.83,84
2024480,Ana Souza,Redes,5.7,4.1,8.8,6.2,78
2024481,Bruno Lima,Matemática,4.7,5.9,6.3,5.63,79
2024482,Carla Mendes,Programação,3.0,3.7,2.7,3.13,69
2024483,Diego Rocha,Programação,3.9,7.2,9.3,6.8,76
2024484,Elisa Prado,Banco de Dados,9.5,6.1,6.0,7.2,76
2024485,Felipe Nunes,Redes,2.5,8.4,5.8,5.57,95
2024486,Gabriela Melo,Programação,2.1,8.6,5.5,5.4,85
2024487,Henrique Dias,Matemática,4.5,3.0,7.5,5.0,91
2024488,Isabela Castro,Estatística,8.7,3.7,4.6,5.67,79
2024489,João Pedro,Banco de Dados,8.5,8.3,2.4,6.4,97
2024490,Karen Alves,Redes,8.9,4.8,7.5,7.07,77
2024491,Lucas Teixeira,Estatística,4.2,5.1,2.7,4.0,95
2024492,Mariana Farias,Banco de Dados,7.9,9.5,6.7,8.03,90
2024493,Nicolas Reis,Redes,9.5,9.9,3.8,7.73,90
2024494,Olivia Barros,Programação,6.7,6.6,9.1,7.47,92
2024495,Paulo Câmara,Estatística,9.8,4.7,6.9,7.13,66
2024496,Raquel Tavares,Matemática,2.9,6.3,6.4,5.2,95
2024497,Samuel Duarte,Programação,6.6,6.3,3.9,5.6,86
2024498,Tainá Furtado,Programação,2.8,2.7,6.8,4.1,98
2024499,Vitor Hugo,Estatística,9.2,3.4,4.4,5.67,82
2024500,Ana Souza,Redes,8.2,4.4,8.0,6.87,94
2024501,Bruno Lima,Redes,5.0,3.4,9.3,5.9,88
2024502,Carla Mendes,Banco de Dados,4.6,7.7,4.8,5.7,98
2024503,Diego Rocha,Programação,9.6,7.9,8.7,8.73,68
2024504,Elisa Prado,Programação,3.1,5.5,6.7,5.1,99
2024505,Felipe Nunes,Redes,7.3,7.3,7.0,7.2,69
2024506,Gabriela Melo,Programação,4.4,6.3,7.1,5.93,93
2024507,Henrique Dias,Matemática,5.7,9.4,8.0,7.7,98
2024508,Isabela Castro,Estatística,9.3,4.1,4.6,6.0,71
2024509,João Pedro,Estatística,8.4,3.6,6.0,6.0,75
2024510,Karen Alves,Redes,10.0,9.9,2.8,7.57,76
2024511,Lucas Teixeira,Programação,7.1,3.7,6.0,5.6,92
2024512,Mariana Farias,Redes,2.9,2.7,4.0,3.2,96
2024513,Nicolas Reis,Redes,2.6,9.6,4.7,5.63,65
2024514,Olivia Barros,Matemática,7.9,6.9,9.3,8.03,75
2024515,Paulo Câmara,Matemática,5.6,6.6,5.0,5.73,74
2024516,Raquel Tavares,Redes,8.9,9.4,6.7,8.33,79
2024517,Samuel Duarte,Estatística,2.7,8.6,4.5,5.27,97
2024518,Tainá Furtado,Redes,8.0,8.0,5.7,7.23,65
2024519,Vitor Hugo,Estatística,3.6,7.4,2.2,4.4,72
2024520,Ana Souza,Matemática,6.6,8.3,2.6,5.83,80
2024521,Bruno Lima,Redes,3.0,6.6,5.8,5.13,73
2024522,Carla Mendes,Estatística,4.8,3.9,5.4,4.7,68
2024523,Diego Rocha,Redes,4.6,6.3,2.8,4.57,97
2024524,Elisa Prado,Matemática,2.3,4.6,9.0,5.3,84
2024525,Felipe Nunes,Programação,7.7,3.7,2.6,4.67,86
2024526,Gabriela Melo,Redes,6.0,5.0,5.2,5.4,93
2024527,Henrique Dias,Matemática,3.7,4.8,7.8,5.43,90
2024528,Isabela Castro,Redes,4.0,4.8,8.4,5.73,68
2024529,João Pedro,Matemática,7.0,6.4,9.8,7.73,92
2024530,Karen Alves,Matemática,4.9,9.6,5.6,6.7,80
2024531,Lucas Teixeira,Matemática,7.2,8.9,8.6,8.23,80
2024532,Mariana Farias,Redes,5.9,3.5,4.8,4.73,72
2024533,Nicolas Reis,Matemática,5.0,4.0,9.7,6.23,67
2024534,Olivia Barros,Programação,8.7,9.3,5.8,7.93,76
2024535,Paulo Câmara,Banco de Dados,2.2,3.3,6.8,4.1,89
2024536,Raquel Tavares,Banco de Dados,2.0,9.3,4.4,5.23,98
2024537,Samuel Duarte,Matemática,5.0,4.0,2.5,3.83,91
2024538,Tainá Furtado,Matemática,2.3,2.8,10.0,5.03,94
2024539,Vitor Hugo,Estatística,7.1,3.6,6.3,5.67,84
2024540,Ana Souza,Banco de Dados,8.6,2.3,5.0,5.3,72
2024541,Bruno Lima,Matemática,3.5,6.5,2.0,4.0,96
2024542,Carla Mendes,Programação,2.1,3.1,5.4,3.53,92
2024543,Diego Rocha,Programação,9.5,6.1,2.8,6.13,81
2024544,Elisa Prado,Estatística,5.6,6.2,6.6,6.13,85
2024545,Felipe Nunes,Programação,9.4,6.6,6.6,7.53,67
2024546,Gabriela Melo,Banco de Dados,6.0,4.1,8.0,6.03,65
2024547,Henrique Dias,Redes,3.4,6.0,8.1,5.83,82
2024548,Isabela Castro,Redes,6.1,8.1,9.0,7.73,87
2024549,João Pedro,Matemática,8.8,3.9,8.7,7.13,86
2024550,Karen Alves,Redes,8.0,5.6,8.8,7.47,72
2024551,Lucas Teixeira,Banco de Dados,4.1,3.6,7.1,4.93,92
2024552,Mariana Farias,Redes,9.7,9.9,8.3,9.3,89
2024553,Nicolas Reis,Estatística,8.2,8.1,2.3,6.2,84
2024554,Olivia Barros,Programação,6.7,8.1,9.2,8.0,97
2024555,Paulo Câmara,Banco de Dados,3.6,5.8,7.2,5.53,87
2024556,Raquel Tavares,Redes,3.8,3.9,5.2,4.3,95
2024557,Samuel Duarte,Banco de Dados,2.1,4.0,3.9,3.33,65
2024558,Tainá Furtado,Redes,2.1,9.3,9.5,6.97,87
2024559,Vitor Hugo,Programação,6.1,7.1,5.4,6.2,66
2024560,Ana Souza,Programação,6.4,5.2,4.8,5.47,75
2024561,Bruno Lima,Matemática,9.4,2.5,8.8,6.9,79
2024562,Carla Mendes,Matemática,6.9,7.8,4.8,6.5,94
2024563,Diego Rocha,Programação,2.1,8.1,2.5,4.23,68
2024564,Elisa Prado,Banco de Dados,7.5,8.7,4.2,6.8,78
2024565,Felipe Nunes,Programação,4.2,10.0,3.9,6.03,100
2024566,Gabriela Melo,Matemática,2.5,5.9,6.9,5.1,71
2024567,Henrique Dias,Programação,3.2,4.2,9.6,5.67,66
2024568,Isabela Castro,Redes,7.8,6.5,3.2,5.83,89
2024569,João Pedro,Estatística,8.9,6.6,3.6,6.37,76
2024570,Karen Alves,Estatística,2.6,6.0,4.4,4.33,74
2024571,Lucas Teixeira,Programação,4.3,4.1,9.1,5.83,78
2024572,Mariana Farias,Programação,5.4,2.9,8.6,5.63,68
2024573,Nicolas Reis,Matemática,3.5,5.1,5.5,4.7,89
2024574,Olivia Barros,Programação,2.4,2.1,6.4,3.63,93
2024575,Paulo Câmara,Programação,2.4,9.4,8.2,6.67,67
2024576,Raquel Tavares,Redes,4.7,8.3,5.1,6.03,91
2024577,Samuel Duarte,Programação,2.6,4.9,5.3,4.27,99
2024578,Tainá Furtado,Redes,2.2,4.7,5.8,4.23,85
2024579,Vitor Hugo,Matemática,2.5,6.0,3.1,3.87,65
2024580,Ana Souza,Matemática,8.4,3.7,5.7,5.93,77
2024581,Bruno Lima,Matemática,7.2,3.4,2.7,4.43,78
2024582,Carla Mendes,Redes,8.5,6.5,7.9,7.63,95
2024583,Diego Rocha,Matemática,7.2,6.0,3.5,5.57,66
2024584,Elisa Prado,Estatística,4.5,9.4,8.2,7.37,91
2024585,Felipe Nunes,Matemática,10.0,2.9,3.3,5.4,69
2024586,Gabriela Melo,Banco de Dados,8.7,5.6,4.5,6.27,91
2024587,Henrique Dias,Matemática,9.9,3.2,3.8,5.63,84
2024588,Isabela Castro,Estatística,8.9,9.4,3.1,7.13,88
2024589,João Pedro,Programação,2.7,5.2,3.2,3.7,76
2024590,Karen Alves,Programação,9.3,4.2,2.7,5.4,66
2024591,Lucas Teixeira,Redes,4.2,7.9,5.6,5.9,95
2024592,Mariana Farias,Programação,5.0,2.2,7.4,4.87,91
2024593,Nicolas Reis,Estatística,4.5,3.8,3.0,3.77,91
2024594,Olivia Barros,Matemática,7.2,6.8,4.4,6.13,100
2024595,Paulo Câmara,Matemática,9.8,7.4,4.2,7.13,87
2024596,Raquel Tavares,Estatística,6.7,4.8,5.1,5.53,73
2024597,Samuel Duarte,Matemática,2.9,7.3,4.6,4.93,99
2024598,Tainá Furtado,Redes,9.4,2.7,8.4,6.83,99
2024599,Vitor Hugo,Banco de Dados,9.9,7.6,7.9,8.47,99
2024600,Ana Souza,Banco de Dados,4.0,6.4,8.3,6.23,97
