data,cidade,min,max,precipitacao
2024-02-11,Belo Horizonte,10,27,14.8
2024-06-19,Rio de Janeiro,6,30,30.6
2024-07-06,Salvador,5,35,20.4
2024-10-14,Fortaleza,7,18,10.7
2024-06-08,Curitiba,10,33,27.9
2024-03-10,Recife,6,27,17.4
2024-06-22,Curitiba,8,21,22.4
2024-12-23,Fortaleza,2,35,35.2
2024-10-18,Salvador,5,19,11.6
2024-12-25,Fortaleza,13,33,6.0
2024-02-11,Recife,0,20,25.6
2024-11-23,Fortaleza,4,35,21.9
2024-04-11,Porto Alegre,4,24,16.4
2024-06-17,Fortaleza,5,33,1.0
2024-02-13,Manaus,2,24,22.6
2024-10-21,Curitiba,17,34,30.1
2024-09-26,Rio de Janeiro,11,18,14.2
2024-04-22,Manaus,0,18,15.7
2024-09-21,Curitiba,12,17,1.2
2024-01-16,Curitiba,13,19,15.2
2024-08-23,Belo Horizonte,-2,18,11.0
2024-10-14,Recife,15,15,22.2
2024-03-13,Porto Alegre,16,21,4.7
2024-02-10,Fortaleza,4,33,30.7
2024-08-13,Belo Horizonte,8,35,11.1
2024-03-24,Goiânia,18,20,15.5
2024-12-10,Salvador,10,21,36.7
2024-04-20,Rio de Janeiro,12,19,29.9
2024-10-28,Goiânia,18,24,0.5
2024-07-27,Goiânia,6,31,33.9
2024-02-22,Rio de Janeiro,3,35,16.5
2024-07-23,Porto Alegre,16,29,3.5
2024-07-15,São Paulo,11,32,9.0
2024-06-08,Goiânia,1,16,4.2
2024-07-04,Belo Horizonte,9,33,1.1
2024-07-25,Curitiba,16,34,10.9
2024-10-02,Rio de Janeiro,4,22,9.3
2024-05-07,Recife,11,30,26.3
2024-04-22,Porto Alegre,15,18,11.3
2024-10-18,Porto Alegre,0,16,38.2
2024-07-16,Goiânia,4,16,3.0
2024-05-18,Rio de Janeiro,1,27,0.4
2024-05-19,Goiânia,0,15,1.9
2024-05-21,Belo Horizonte,-1,19,21.2
2024-07-28,Fortaleza,1,27,36.6
2024-01-24,Rio de Janeiro,17,34,1.6
2024-05-05,Rio de Janeiro,4,23,20.1
2024-12-11,Porto Alegre,15,23,35.5
2024-01-07,Salvador,4,17,17.0
2024-12-16,Goiânia,1,30,33.5
2024-10-04,Curitiba,15,27,2.4
2024-06-26,Recife,1,17,31.6
2024-02-07,Belo Horizonte,1,33,27.3
2024-01-05,Porto Alegre,12,15,6.5
2024-09-18,Rio de Janeiro,7,17,4.8
2024-09-15,Porto Alegre,8,19,36.3
2024-12-03,Goiânia,4,28,19.1
2024-09-12,Recife,10,24,34.4
2024-04-20,Rio de Janeiro,5,32,31.5
2024-02-02,Recife,7,34,38.8
2024-11-13,Rio de Janeiro,16,24,6.8
2024-11-05,Rio de Janeiro,9,24,35.1
2024-02-23,Curitiba,0,25,8.7
2024-01-14,Goiânia,11,20,15.5
2024-07-18,Porto Alegre,9,25,6.7
2024-06-06,Recife,7,17,0.1
2024-11-12,Porto Alegre,13,17,37.4
2024-08-19,Manaus,17,34,11.0
2024-09-12,Fortaleza,10,34,11.3
2024-10-20,Curitiba,-1,15,14.8
2024-10-21,Salvador,11,29,13.9
2024-11-13,Curitiba,9,26,31.1
2024-05-05,Belo Horizonte,12,35,29.0
2024-08-05,Fortaleza,10,19,30.4
2024-06-13,Salvador,-2,23,15.3
2024-01-16,São Paulo,-1,17,11.8
2024-11-09,Rio de Janeiro,5,15,39.5
2024-07-17,Fortaleza,3,23,1.6
2024-12-17,Recife,1,15,0.1
2024-11-27,Fortaleza,11,32,24.0
2024-11-09,Rio de Janeiro,13,19,21.5
2024-01-16,Fortaleza,3,21,20.1
2024-02-04,Salvador,3,19,9.2
2024-09-05,Belo Horizonte,3,32,6.2
2024-01-18,Porto Alegre,13,25,34.7
2024-09-07,Salvador,17,33,23.8
2024-01-01,Porto Alegre,0,16,29.1
2024-09-09,Recife,17,18,9.1
2024-02-23,Rio de Janeiro,5,26,26.7
2024-06-07,Salvador,12,19,6.6
2024-11-17,Goiânia,2,15,31.7
2024-07-10,Rio de Janeiro,18,26,38.3
2024-09-02,Goiânia,12,31,9.6
2024-03-18,São Paulo,0,15,35.8
2024-02-20,Porto Alegre,8,22,12.1
2024-10-11,Belo Horizonte,14,18,37.2
2024-05-10,Recife,15,28,32.0
2024-05-24,Belo Horizonte,15,16,7.0
2024-11-17,Manaus,17,22,0.9
2024-04-25,Salvador,13,32,25.7
2024-01-22,Curitiba,12,32,23.4
2024-02-22,Belo Horizonte,1,22,33.0
2024-10-24,Recife,6,22,32.9
2024-07-20,Goiânia,-2,25,32.6
2024-09-11,Salvador,13,26,23.7
2024-05-23,São Paulo,15,23,7.5
2024-12-01,Fortaleza,17,28,22.7
2024-01-23,Porto Alegre,9,19,20.8
2024-09-14,São Paulo,10,17,29.1
2024-07-11,Fortaleza,12,22,9.3
2024-05-12,Recife,-1,17,16.0
2024-03-15,Fortaleza,0,22,16.7
2024-09-03,Porto Alegre,16,32,2.3
2024-06-08,São Paulo,14,23,7.8
2024-12-13,Goiânia,17,20,25.6
2024-07-10,Porto Alegre,7,29,31.0
2024-08-28,Belo Horizonte,8,15,21.3
2024-11-06,Curitiba,2,23,7.0
2024-05-17,São Paulo,-1,23,3.2
2024-12-05,Porto Alegre,1,25,13.7
2024-07-20,Rio de Janeiro,8,32,13.5
2024-08-10,Goiânia,-2,27,7.0
2024-08-19,Fortaleza,-2,20,11.1
2024-06-15,São Paulo,5,21,8.9
2024-03-20,Salvador,17,24,14.4
2024-04-28,Rio de Janeiro,8,35,21.5
2024-03-17,Fortaleza,5,16,11.2
2024-03-20,Fortaleza,10,20,36.2
2024-12-20,Goiânia,0,29,6.3
2024-08-10,Belo Horizonte,17,19,33.2
2024-01-10,Rio de Janeiro,11,29,21.7
2024-03-04,Salvador,5,33,7.0
2024-07-13,Goiânia,4,30,34.3
2024-01-13,Curitiba,2,26,30.1
2024-04-04,Curitiba,16,20,20.0
2024-05-18,Salvador,-2,20,6.0
2024-07-04,Goiânia,-1,18,23.1
2024-11-08,Curitiba,9,34,9.0
2024-10-16,Rio de Janeiro,17,16,0.1
2024-11-01,Belo Horizonte,16,35,13.7
2024-02-13,Belo Horizonte,3,25,15.1
2024-12-22,Porto Alegre,13,17,20.6
2024-06-12,Goiânia,7,15,29.1
2024-10-20,Belo Horizonte,5,15,11.4
2024-06-24,Curitiba,2,22,3.3
2024-07-21,Recife,12,32,30.7
2024-05-11,Fortaleza,7,29,29.4
2024-04-15,São Paulo,1,34,11.8
2024-06-07,Goiânia,1,17,26.8
2024-08-14,Fortaleza,11,25,2.3
2024-03-22,Recife,18,28,2.7
2024-01-26,Goiânia,3,32,3.5
2024-12-21,Salvador,13,32,2.2
2024-11-03,Goiânia,-1,19,5.3
2024-02-22,Rio de Janeiro,10,30,25.0
2024-11-15,São Paulo,10,35,33.0
2024-11-14,Curitiba,8,22,5.4
2024-04-22,Recife,1,32,14.2
2024-03-03,Belo Horizonte,10,35,20.7
2024-05-21,Manaus,9,28,8.8
2024-08-03,Rio de Janeiro,7,19,24.3
2024-04-01,São Paulo,-2,22,18.1
2024-06-25,Curitiba,16,32,22.6
2024-12-05,Curitiba,0,21,5.7
2024-07-12,Goiânia,18,31,34.1
2024-07-20,Curitiba,2,30,30.2
2024-09-23,Porto Alegre,1,30,26.4
2024-04-26,Recife,11,25,22.8
2024-06-07,Manaus,2,16,3.8
2024-05-22,São Paulo,10,26,6.5
2024-07-13,Porto Alegre,3,28,17.8
2024-04-28,Salvador,0,19,19.5
2024-05-11,Salvador,5,22,19.6
2024-06-22,Fortaleza,8,27,24.5
2024-07-09,Manaus,12,31,11.7
2024-07-06,Belo Horizonte,6,33,11.5
2024-06-27,Rio de Janeiro,-2,24,16.3
2024-03-11,São Paulo,11,33,5.2
2024-10-14,Salvador,10,32,37.2
2024-02-05,São Paulo,11,19,30.0
2024-07-23,Recife,3,34,37.8
2024-12-11,São Paulo,17,29,23.4
2024-04-09,Porto Alegre,2,17,5.2
2024-02-10,Fortaleza,9,15,7.4
2024-04-10,Recife,12,32,39.4
2024-12-28,São Paulo,7,26,38.9
2024-12-19,Recife,2,26,4.6
2024-09-10,São Paulo,12,15,8.1
2024-11-20,Manaus,2,17,11.7
2024-09-22,Belo Horizonte,5,21,17.8
2024-12-05,São Paulo,16,23,12.7
2024-12-13,Recife,10,29,0.5
2024-04-14,Curitiba,2,31,17.1
2024-01-04,Rio de Janeiro,2,19,1.1
2024-01-24,Manaus,7,31,36.7
2024-03-13,Porto Alegre,15,21,8.2
2024-04-14,Recife,16,27,0.9
2024-09-06,Manaus,17,27,20.0
2024-12-21,Rio de Janeiro,4,27,0.3
2024-06-21,Porto Alegre,17,24,35.6
2024-10-05,São Paulo,15,26,36.7
2024-05-19,São Paulo,1,21,5.8
2024-10-12,Rio de Janeiro,16,21,15.0
2024-11-28,São Paulo,0,18,36.0
2024-05-13,Rio de Janeiro,13,26,31.5
2024-09-23,São Paulo,15,16,8.7
2024-09-24,Manaus,16,35,30.3
2024-12-02,Porto Alegre,6,35,2.7
2024-05-02,Porto Alegre,5,17,13.9
2024-07-17,Salvador,0,21,33.3
2024-04-17,Rio de Janeiro,6,31,25.8
2024-08-10,Recife,8,26,20.2
2024-04-02,Goiânia,18,15,4.1
2024-07-17,Salvador,10,24,17.9
2024-08-27,Recife,15,23,1.4
2024-10-02,Belo Horizonte,12,18,16.2
2024-10-17,Manaus,18,21,19.3
2024-02-14,Rio de Janeiro,1,26,20.6
2024-07-14,Manaus,11,18,3.4
2024-10-16,Fortaleza,12,26,23.2
2024-12-17,Curitiba,4,20,16.6
2024-08-28,São Paulo,8,15,13.3
2024-09-07,Salvador,4,23,14.3
2024-09-03,Goiânia,9,28,13.1
2024-12-05,Manaus,9,22,14.6
2024-04-08,Goiânia,18,33,30.8
2024-09-06,Porto Alegre,3,27,16.0
2024-03-04,Recife,13,25,22.4
2024-02-22,Salvador,15,23,37.2
2024-07-18,Recife,17,21,0.2
2024-04-01,Belo Horizonte,14,25,8.2
2024-08-06,Recife,10,28,23.7
2024-11-08,Porto Alegre,8,17,25.5
2024-12-23,São Paulo,3,25,5.0
2024-09-12,Porto Alegre,11,18,38.7
2024-01-26,Manaus,12,21,37.7
2024-01-18,Goiânia,13,19,35.4
2024-01-21,Recife,5,32,34.6
2024-03-16,Recife,13,29,36.8
2024-02-04,Manaus,7,19,12.8
2024-12-24,Recife,18,31,36.9
2024-04-01,Goiânia,-1,15,17.7
2024-02-05,Rio de Janeiro,-1,19,28.7
2024-05-05,Curitiba,7,24,19.6
2024-11-02,Salvador,13,29,39.4
2024-02-25,Goiânia,11,18,27.1
2024-10-21,Recife,1,27,14.6
2024-10-14,Salvador,10,27,30.8
2024-07-10,São Paulo,17,34,28.9
2024-07-17,Curitiba,4,24,31.2
2024-01-01,Goiânia,9,19,6.5
2024-05-05,Fortaleza,9,21,31.2
2024-10-07,Belo Horizonte,2,17,23.2
2024-05-08,Goiânia,-2,29,0.9
2024-12-10,Recife,5,28,2.0
2024-02-11,Recife,18,33,4.6
2024-06-02,Rio de Janeiro,-1,17,15.9
2024-03-14,São Paulo,-2,31,1.3
2024-07-12,Manaus,16,21,26.8
2024-08-11,Goiânia,12,32,36.7
2024-04-08,Salvador,7,31,20.0
2024-04-12,Recife,0,34,7.5
2024-05-19,Fortaleza,13,33,3.7
2024-05-13,Curitiba,14,28,39.4
2024-07-28,Porto Alegre,5,19,0.9
2024-04-03,Recife,2,28,16.9
2024-03-25,Manaus,2,24,15.7
2024-06-09,Goiânia,3,30,26.8
2024-05-01,São Paulo,-1,19,0.8
2024-07-22,São Paulo,0,24,26.7
2024-07-26,São Paulo,8,17,23.6
2024-09-25,Salvador,6,21,33.0
2024-08-04,Fortaleza,18,21,29.2
2024-11-23,Curitiba,5,25,35.9
2024-11-07,Fortaleza,17,21,32.5
2024-02-02,São Paulo,-1,33,2.1
2024-10-19,Curitiba,0,32,17.7
2024-02-24,São Paulo,7,32,38.7
2024-03-17,Curitiba,8,23,2.6
2024-09-20,Belo Horizonte,17,16,24.9
2024-04-02,Porto Alegre,5,35,17.7
2024-07-03,Curitiba,11,27,6.8
2024-11-01,Manaus,0,19,39.4
2024-11-21,Fortaleza,14,17,14.0
2024-10-10,Recife,6,29,33.9
2024-06-23,Curitiba,0,17,1.5
2024-06-22,Manaus,4,22,0.3
2024-10-14,Recife,4,34,17.9
2024-09-10,Belo Horizonte,1,32,23.4
2024-02-24,Porto Alegre,2,28,24.3
2024-08-14,Salvador,18,15,30.3
2024-02-13,Recife,11,30,27.6
2024-02-17,Recife,13,27,34.8
2024-03-22,Manaus,15,21,16.4
2024-04-14,Manaus,14,26,1.0
2024-12-21,Fortaleza,18,20,18.4
2024-07-06,Goiânia,3,20,17.0
2024-07-15,Manaus,14,15,22.8
2024-12-07,Recife,18,27,3.4
2024-07-27,Salvador,3,20,22.0
2024-11-20,Manaus,17,15,18.6
2024-10-19,Curitiba,8,33,21.4
2024-03-11,Salvador,17,30,19.2
2024-03-14,Salvador,17,30,15.2
2024-01-18,Curitiba,15,26,38.4
2024-09-01,Salvador,-2,17,36.7
2024-05-04,Recife,1,27,13.2
2024-09-19,Curitiba,16,17,38.1
2024-03-19,Salvador,10,26,32.1
2024-09-18,Recife,0,35,4.6
2024-05-17,Fortaleza,-1,16,34.9
2024-06-25,São Paulo,-2,34,7.3
2024-05-20,Belo Horizonte,14,29,22.4
2024-08-12,Recife,-1,35,9.3
2024-01-25,Belo Horizonte,16,21,0.7
2024-02-24,Belo Horizonte,8,35,0.5
2024-11-17,Fortaleza,18,16,19.7
2024-03-19,São Paulo,10,35,24.0
2024-03-06,Belo Horizonte,5,21,16.3
2024-04-27,Rio de Janeiro,18,32,0.6
2024-03-02,São Paulo,13,35,7.8
2024-03-26,Porto Alegre,3,27,26.0
2024-07-05,Porto Alegre,16,29,14.5
2024-08-26,Porto Alegre,-2,25,19.8
2024-12-03,Porto Alegre,7,27,37.8
2024-10-12,Fortaleza,13,23,2.0
2024-07-18,Recife,4,26,25.8
2024-05-12,Curitiba,6,25,29.0
2024-05-13,Fortaleza,15,32,26.5
2024-07-12,Manaus,4,23,20.3
2024-05-18,Curitiba,9,35,21.9
2024-07-21,Belo Horizonte,11,30,8.6
2024-07-27,Porto Alegre,14,25,9.6
2024-01-28,Recife,13,26,21.0
2024-01-17,Goiânia,7,22,6.4
2024-11-14,Goiânia,15,21,26.3
2024-11-09,Porto Alegre,5,28,39.9
2024-12-11,Manaus,-1,26,1.0
2024-12-26,Porto Alegre,8,16,14.4
2024-12-02,Goiânia,3,32,10.8
2024-08-06,São Paulo,-1,29,7.9
2024-03-25,Goiânia,4,33,1.8
2024-08-15,Curitiba,13,19,33.8
2024-10-11,Porto Alegre,18,26,26.7
2024-11-01,Curitiba,15,15,2.5
2024-03-11,Manaus,9,18,14.2
2024-11-05,São Paulo,7,25,0.9
2024-03-18,Rio de Janeiro,7,21,13.7
2024-02-05,Recife,17,23,30.9
2024-11-22,Curitiba,5,30,24.8
2024-06-07,Rio de Janeiro,1,18,5.7
2024-11-12,Goiânia,-2,23,39.8
2024-03-13,Salvador,3,29,32.7
2024-03-18,Fortaleza,10,20,32.2
2024-06-04,São Paulo,14,26,19.8
2024-09-07,Manaus,9,26,11.7
2024-02-09,Fortaleza,-1,34,33.0
2024-11-03,Goiânia,5,25,3.8
2024-08-22,Porto Alegre,9,26,12.5
2024-11-08,Recife,-1,28,5.4
2024-03-18,Rio de Janeiro,11,29,8.0
2024-08-09,Fortaleza,1,19,33.8
2024-11-11,Recife,9,28,28.8
2024-12-06,Fortaleza,6,18,7.0
2024-07-01,Manaus,6,31,4.7
2024-11-15,Fortaleza,3,15,23.6
2024-01-14,Goiânia,5,17,24.1
2024-07-08,São Paulo,5,34,23.9
2024-02-14,Recife,-1,24,13.4
2024-12-11,Goiânia,16,32,5.7
2024-03-22,Fortaleza,12,22,27.1
2024-02-06,Curitiba,6,22,33.1
2024-09-18,Manaus,-1,24,20.1
2024-02-22,Porto Alegre,18,19,2.3
2024-06-20,Curitiba,10,24,14.7
2024-11-05,Manaus,3,22,4.3
2024-05-05,Recife,9,26,17.7
2024-08-06,Goiânia,17,17,4.4
2024-06-10,Goiânia,-2,24,25.1
2024-04-03,Manaus,4,35,12.0
2024-07-20,Salvador,5,17,35.5
2024-11-21,Belo Horizonte,16,30,19.3
2024-11-21,Rio de Janeiro,8,15,16.3
2024-11-19,Rio de Janeiro,12,34,5.1
2024-06-26,Rio de Janeiro,12,21,34.3
2024-09-04,Fortaleza,2,34,3.3
2024-01-24,Manaus,13,22,32.8
2024-03-06,Rio de Janeiro,16,32,9.8
2024-10-03,Salvador,12,21,27.2
2024-07-25,Recife,1,15,14.4
2024-10-17,Recife,13,15,17.7
2024-05-12,Goiânia,17,17,14.9
2024-04-02,Porto Alegre,6,25,2.0
2024-03-01,Belo Horizonte,18,27,29.7
2024-09-08,Manaus,13,32,24.5
2024-04-24,Porto Alegre,18,26,35.2
2024-03-20,Salvador,14,27,18.1
2024-07-02,Curitiba,18,16,10.9
2024-10-25,Curitiba,6,28,27.4
2024-08-22,Salvador,7,35,2.8
2024-12-24,Belo Horizonte,5,28,21.7
2024-02-02,Rio de Janeiro,5,32,26.6
2024-08-06,Rio de Janeiro,-1,25,4.0
2024-04-09,Fortaleza,-1,18,21.8
2024-03-05,São Paulo,1,22,21.4
2024-09-06,Salvador,5,20,1.3
2024-09-24,Curitiba,0,27,20.9
2024-12-25,Fortaleza,5,28,33.6
2024-04-18,Goiânia,0,35,37.5
2024-08-08,Fortaleza,17,15,18.6
2024-09-19,Porto Alegre,18,30,17.1
2024-03-02,São Paulo,-2,26,5.2
2024-05-23,Rio de Janeiro,-1,30,36.5
2024-08-04,Fortaleza,5,23,22.4
2024-01-26,Manaus,17,25,4.2
2024-04-15,São Paulo,14,26,3.2
2024-02-25,Goiânia,0,34,10.6
2024-11-10,Salvador,6,26,16.8
2024-08-05,Goiânia,10,26,13.5
2024-02-20,Belo Horizonte,12,28,19.9
2024-04-15,Recife,1,31,20.0
2024-03-28,Fortaleza,5,33,14.2
2024-02-05,Fortaleza,10,29,21.8
2024-01-12,Salvador,13,21,18.4
2024-04-18,Manaus,13,24,32.9
2024-01-06,Belo Horizonte,4,35,37.1
2024-05-22,Fortaleza,0,24,11.9
2024-07-13,Belo Horizonte,13,28,8.2
2024-04-01,Porto Alegre,1,17,32.2
2024-07-25,Rio de Janeiro,7,20,25.0
2024-02-12,Belo Horizonte,7,31,9.1
2024-10-13,Manaus,11,21,35.5
2024-07-09,Recife,-2,23,15.5
2024-07-18,Goiânia,10,33,20.4
2024-08-01,Curitiba,10,32,22.3
2024-04-01,São Paulo,6,32,8.8
2024-11-20,Curitiba,10,22,27.6
2024-02-25,Salvador,16,20,29.9
2024-03-25,Goiânia,1,35,6.7
2024-01-13,Salvador,17,22,11.2
2024-01-09,São Paulo,10,19,23.2
2024-02-18,Recife,3,19,20.5
2024-05-16,Rio de Janeiro,14,21,0.8
2024-09-04,Recife,16,27,26.1
2024-08-11,Recife,14,34,29.2
2024-12-17,Porto Alegre,16,30,35.8
2024-10-20,Recife,17,34,2.3
2024-03-28,Belo Horizonte,1,30,5.0
2024-05-18,Fortaleza,8,28,14.2
2024-12-04,Manaus,17,32,26.5
2024-01-14,Rio de Janeiro,13,21,25.3
2024-11-28,Salvador,11,22,3.8
2024-07-07,Rio de Janeiro,3,34,18.4
2024-06-27,Salvador,12,20,29.8
2024-07-04,Fortaleza,17,24,24.4
2024-04-16,Manaus,14,17,3.5
2024-04-17,Goiânia,18,33,35.5
2024-01-13,Manaus,3,16,4.6
2024-04-21,São Paulo,13,17,17.0
2024-08-12,Curitiba,3,18,15.6
2024-12-07,Fortaleza,1,22,3.1
2024-10-28,Manaus,8,23,23.1
2024-01-10,Goiânia,-1,22,19.0
2024-03-20,Salvador,7,26,20.6
2024-06-17,Curitiba,8,28,36.2
2024-04-22,Goiânia,16,32,30.3
2024-02-05,Recife,6,21,24.2
2024-03-05,Salvador,8,18,17.5
2024-05-03,Goiânia,3,25,22.3
2024-02-21,Porto Alegre,13,28,35.9
2024-02-27,Belo Horizonte,4,27,32.4
2024-02-23,Manaus,10,22,22.9
2024-05-12,Porto Alegre,1,21,28.9
2024-09-09,Salvador,5,18,12.6
2024-04-25,São Paulo,17,22,0.3
2024-08-20,Fortaleza,14,25,31.0
2024-10-02,Goiânia,11,24,14.5
2024-10-18,Recife,2,35,11.1
2024-12-02,Manaus,17,34,34.6
2024-12-04,Recife,13,35,31.1
2024-04-11,Rio de Janeiro,11,27,20.3
2024-02-07,Curitiba,17,30,7.7
2024-07-15,São Paulo,13,19,4.8
2024-11-08,Porto Alegre,-2,20,12.2
2024-11-06,Belo Horizonte,6,18,27.5
2024-09-26,Curitiba,-1,28,26.9
2024-04-06,Curitiba,11,25,12.3
2024-01-04,Manaus,1,35,31.6
2024-05-09,Belo Horizonte,7,32,34.9
2024-05-05,São Paulo,3,23,9.8
2024-06-01,Goiânia,7,29,16.5
2024-12-03,Rio de Janeiro,14,28,26.3
2024-06-14,Porto Alegre,-2,34,32.1
2024-05-04,Porto Alegre,13,26,7.7
2024-09-20,Rio de Janeiro,4,29,1.6
2024-05-27,Belo Horizonte,7,25,39.6
2024-11-21,Goiânia,-1,31,36.4
2024-03-13,Rio de Janeiro,0,15,25.7
2024-06-13,Salvador,17,23,7.2
2024-10-19,Belo Horizonte,-1,35,38.3
2024-04-16,Fortaleza,10,28,23.3
2024-07-20,Belo Horizonte,3,33,13.9
2024-04-18,Fortaleza,0,33,10.0
2024-02-21,Manaus,4,34,27.1
2024-10-26,Curitiba,7,19,11.2
2024-11-28,Belo Horizonte,7,15,15.1
2024-11-06,Manaus,4,23,16.4
2024-04-26,Porto Alegre,14,32,24.2
2024-04-09,Curitiba,13,26,4.1
2024-12-17,Fortaleza,11,34,10.2
2024-01-17,Fortaleza,9,24,7.0
2024-04-24,Manaus,3,27,37.8
2024-03-18,Salvador,8,15,18.0
2024-04-11,São Paulo,16,26,6.5
2024-09-21,Manaus,17,26,24.4
2024-08-27,São Paulo,5,33,17.1
2024-10-28,Fortaleza,7,25,8.4
2024-10-04,Recife,10,25,1.8
2024-08-04,Manaus,14,21,0.2
2024-10-26,Goiânia,8,23,5.5
2024-09-15,Curitiba,6,24,29.6
2024-10-21,Fortaleza,10,31,38.5
2024-07-15,Goiânia,15,34,23.2
2024-08-01,Fortaleza,1,29,28.0
2024-11-01,Fortaleza,16,16,3.4
2024-05-20,Recife,0,17,1.1
2024-04-26,Manaus,6,29,4.1
2024-07-16,Salvador,11,28,29.1
2024-01-21,Salvador,0,32,29.1
2024-07-01,Rio de Janeiro,10,30,26.5
2024-05-19,Belo Horizonte,4,24,27.8
2024-06-20,Fortaleza,16,31,13.1
2024-05-11,São Paulo,18,25,31.3
2024-07-28,Goiânia,5,30,13.7
2024-01-05,Porto Alegre,3,32,17.4
2024-08-27,Manaus,16,20,36.0
2024-08-04,Porto Alegre,-1,19,13.2
2024-11-28,Curitiba,15,25,34.9
2024-08-14,Belo Horizonte,10,24,20.6
2024-02-21,Fortaleza,5,31,25.9
2024-10-08,Fortaleza,15,16,26.8
2024-04-11,Manaus,9,22,0.8
2024-02-01,Rio de Janeiro,2,29,22.0
2024-07-20,Salvador,0,34,25.9
2024-01-25,Porto Alegre,18,31,34.4
2024-03-28,Recife,12,26,21.0
2024-08-02,Curitiba,10,25,16.6
2024-01-07,Fortaleza,4,23,12.2
2024-05-07,Goiânia,6,27,20.3
2024-10-13,Curitiba,5,18,21.5
2024-11-05,Curitiba,5,26,17.6
2024-07-03,Recife,-1,29,35.3
2024-02-15,Porto Alegre,6,26,18.4
2024-07-06,Fortaleza,2,27,9.8
2024-07-15,Manaus,8,16,20.4
2024-09-20,Recife,13,23,31.3
2024-06-20,Porto Alegre,7,35,9.6
2024-05-27,Manaus,8,19,23.5
2024-04-15,Recife,6,15,38.5
2024-04-16,Fortaleza,12,28,22.3
2024-05-01,Porto Alegre,2,15,38.3
2024-08-14,Recife,9,17,12.3
2024-08-12,Curitiba,7,17,3.0
2024-08-25,Curitiba,18,21,2.4
2024-10-02,São Paulo,18,16,22.8
2024-05-24,São Paulo,11,26,15.9
2024-12-17,Belo Horizonte,5,24,28.9
2024-06-08,Manaus,8,35,26.3
2024-06-08,Salvador,3,21,34.6
2024-03-14,Fortaleza,-1,35,27.3
2024-11-25,São Paulo,-1,23,18.7
2024-10-24,Rio de Janeiro,0,16,29.4
2024-05-19,Salvador,11,17,3.1
2024-12-25,Goiânia,14,33,23.7
2024-07-27,Salvador,0,17,21.9
2024-11-11,Manaus,4,29,31.5
2024-05-13,Fortaleza,0,24,29.2
2024-08-15,Fortaleza,0,31,25.7
2024-11-14,Manaus,13,15,11.2
2024-08-24,Goiânia,11,27,26.8
2024-07-18,Belo Horizonte,17,15,29.6
2024-12-05,Salvador,10,25,39.1
2024-10-12,São Paulo,14,35,24.8
2024-05-23,Belo Horizonte,5,22,0.1
2024-03-19,Belo Horizonte,13,28,36.3
2024-01-11,Porto Alegre,13,22,24.9
2024-07-06,Belo Horizonte,0,23,2.2
2024-02-07,Rio de Janeiro,15,27,15.0
2024-05-16,Porto Alegre,12,22,8.5
2024-10-27,Rio de Janeiro,6,29,29.3
2024-09-11,Belo Horizonte,6,29,12.0
2024-05-27,Belo Horizonte,-2,21,13.1
2024-05-10,Rio de Janeiro,-2,20,36.7
2024-04-26,Manaus,13,35,9.0
2024-06-03,Manaus,11,28,12.4
2024-08-16,Porto Alegre,1,21,3.6
2024-04-12,Rio de Janeiro,14,21,0.3
2024-06-17,Salvador,4,23,36.0
2024-07-25,Salvador,15,17,14.0
2024-10-17,Manaus,9,35,6.7
2024-02-16,Manaus,17,25,13.7
2024-10-26,Goiânia,-1,33,20.9
2024-12-22,Rio de Janeiro,3,32,39.2
2024-06-12,Manaus,1,27,18.4
2024-10-06,Curitiba,15,21,37.7
2024-02-19,Curitiba,7,32,30.5
2024-10-03,Manaus,-1,16,39.7
2024-09-03,Porto Alegre,10,21,10.4
2024-12-20,Belo Horizonte,7,20,4.1
2024-10-12,Goiânia,12,22,39.1
2024-01-27,Goiânia,1,20,2.5
2024-06-05,Recife,4,24,3.6
2024-02-10,Fortaleza,0,21,10.0
2024-06-21,Salvador,9,21,34.0
2024-02-11,Curitiba,-1,21,2.4
2024-05-10,São Paulo,12,29,21.3
2024-11-23,Rio de Janeiro,-1,34,40.0
2024-12-14,Salvador,17,32,12.1
2024-06-11,Recife,11,28,9.5
2024-05-11,Porto Alegre,1,32,29.7
2024-03-20,Goiânia,1,19,16.3
2024-10-28,Goiânia,6,25,6.1
2024-07-10,Rio de Janeiro,17,18,0.9
2024-02-23,Fortaleza,18,27,27.6
2024-02-01,São Paulo,14,35,5.3
2024-11-09,Belo Horizonte,1,27,21.4
2024-07-27,Manaus,2,19,27.5
2024-11-26,Recife,9,35,16.1
2024-11-26,Fortaleza,17,33,31.2
2024-03-01,Manaus,4,35,10.8
2024-10-26,Rio de Janeiro,-2,15,13.8
2024-04-05,Salvador,13,19,30.4
2024-09-21,Recife,-1,21,6.3
2024-01-02,Recife,6,32,13.6
2024-08-24,Belo Horizonte,6,21,22.3
2024-02-05,Goiânia,9,17,11.8
2024-03-23,São Paulo,8,31,35.4
2024-11-01,Belo Horizonte,18,31,16.0
2024-07-02,Porto Alegre,15,15,6.9
2024-03-09,São Paulo,11,26,33.9
2024-08-09,Recife,10,34,38.6
2024-01-23,Goiânia,-2,23,34.8
2024-11-17,Goiânia,14,25,17.4
2024-12-09,Curitiba,-1,18,36.0
2024-06-21,Salvador,11,19,8.8
2024-09-16,Manaus,14,31,17.7
2024-07-12,Fortaleza,17,34,33.2
2024-02-07,Fortaleza,-1,28,25.9
2024-03-27,Goiânia,-2,17,39.7
2024-12-28,Curitiba,15,27,0.4
2024-05-16,Goiânia,6,29,36.1
2024-02-25,Goiânia,17,15,8.6
2024-01-07,Salvador,1,23,34.3
2024-09-19,Salvador,5,32,6.7
2024-12-19,Porto Alegre,7,17,23.6
2024-02-09,Recife,16,16,38.3
2024-04-10,Recife,2,32,9.6
2024-06-03,Fortaleza,13,21,25.6
2024-10-11,Curitiba,2,27,19.7
2024-09-09,Manaus,14,27,32.6
2024-09-24,Fortaleza,8,27,27.6
2024-03-19,Belo Horizonte,9,32,26.5
2024-03-17,Belo Horizonte,15,15,30.4
2024-02-17,Curitiba,2,22,14.9
2024-01-14,Manaus,14,25,17.1
2024-12-10,Fortaleza,13,28,25.6
2024-09-01,Goiânia,10,23,13.0
2024-09-08,Recife,6,23,23.0
2024-10-16,Salvador,2,17,9.2
2024-11-07,Rio de Janeiro,13,25,35.9
2024-11-26,Salvador,17,35,6.3
2024-09-23,Goiânia,13,23,21.5
2024-08-09,Rio de Janeiro,0,35,11.6
2024-09-13,Belo Horizonte,11,29,12.9
2024-02-27,Rio de Janeiro,17,34,19.7
2024-05-11,Curitiba,6,34,16.3
2024-06-03,Salvador,18,28,12.4
2024-02-20,Fortaleza,12,31,24.0
2024-04-24,São Paulo,-1,33,38.2
2024-06-24,Manaus,3,16,33.4
2024-07-26,Curitiba,-1,17,30.3
2024-06-19,Recife,18,35,6.2
2024-05-05,Belo Horizonte,14,23,30.4
2024-12-07,Porto Alegre,17,20,19.2
2024-07-18,São Paulo,16,35,20.8
2024-05-14,São Paulo,0,35,35.0
2024-01-09,São Paulo,4,21,36.4
2024-09-01,Rio de Janeiro,8,22,17.5
2024-04-12,Manaus,10,27,39.5
2024-08-04,Salvador,8,23,10.9
2024-01-12,Curitiba,16,19,35.7
2024-01-20,Fortaleza,13,23,37.3
2024-07-21,Belo Horizonte,13,19,1.9
2024-06-24,Curitiba,10,24,25.0
2024-02-04,Goiânia,2,31,32.8
2024-06-14,Recife,18,19,32.1
2024-06-24,São Paulo,3,17,35.2
2024-06-11,Curitiba,15,22,34.4
2024-11-16,Recife,8,25,22.0
2024-02-06,Fortaleza,3,28,10.4
2024-10-12,Fortaleza,13,35,20.5
2024-05-24,Fortaleza,-2,29,22.4
2024-01-27,Recife,8,17,26.7
2024-10-23,Goiânia,1,34,20.2
2024-08-16,Salvador,9,17,6.1
2024-11-23,Porto Alegre,7,18,31.7
2024-10-25,Belo Horizonte,8,21,26.9
2024-07-09,Goiânia,15,20,20.8
2024-11-25,Curitiba,14,35,13.5
2024-10-16,Porto Alegre,12,29,17.4
2024-07-25,Salvador,16,16,19.3
2024-06-11,Porto Alegre,17,23,25.9
2024-12-07,Porto Alegre,5,28,21.5
2024-11-16,Rio de Janeiro,8,28,32.0
2024-03-05,São Paulo,16,23,30.7
2024-01-16,Fortaleza,5,24,34.6
2024-06-07,Salvador,16,29,18.7
2024-01-22,São Paulo,1,18,38.0
2024-11-09,Recife,12,22,30.7
2024-10-09,Curitiba,0,23,27.8
2024-08-05,Belo Horizonte,9,26,18.7
2024-09-11,Fortaleza,6,18,8.9
2024-05-21,Recife,7,18,15.7
2024-06-21,Salvador,12,21,24.8
2024-06-05,Curitiba,2,32,14.7
2024-06-12,Manaus,-2,33,31.4
2024-06-16,Goiânia,7,30,14.5
2024-09-04,Fortaleza,10,16,6.2
2024-09-25,Porto Alegre,18,35,4.7
2024-04-14,Belo Horizonte,5,21,29.7
2024-11-26,Porto Alegre,12,15,12.0
2024-08-04,Porto Alegre,10,33,39.9
2024-08-21,Rio de Janeiro,6,30,26.8
2024-08-24,Curitiba,7,18,22.2
2024-12-11,Goiânia,8,16,20.7
2024-04-16,Porto Alegre,9,27,1.5
2024-08-01,Curitiba,17,27,4.0
2024-02-15,Salvador,17,15,26.4
2024-01-25,Rio de Janeiro,12,16,37.6
2024-08-19,Porto Alegre,16,16,19.6
2024-07-23,Goiânia,3,31,12.5
2024-11-04,Fortaleza,2,18,30.0
2024-06-19,Curitiba,15,33,17.0
2024-07-22,Curitiba,9,21,31.6
2024-08-08,Salvador,9,31,23.8
2024-01-16,São Paulo,12,19,5.3
2024-09-07,Porto Alegre,0,21,9.2
2024-06-27,Rio de Janeiro,4,34,0.3
2024-05-07,São Paulo,17,29,36.4
2024-05-06,Recife,18,24,39.0
2024-04-14,Fortaleza,5,25,19.2
2024-12-19,Fortaleza,12,17,38.0
2024-05-17,São Paulo,4,15,26.6
2024-08-22,Curitiba,9,35,17.5
2024-06-18,Belo Horizonte,10,15,20.5
2024-06-06,Fortaleza,5,30,32.4
2024-05-23,Rio de Janeiro,2,31,34.6
2024-09-13,Fortaleza,16,18,3.5
2024-03-22,Belo Horizonte,4,20,3.0
2024-11-22,Belo Horizonte,8,20,32.2
2024-02-04,Goiânia,13,35,21.9
2024-03-27,Salvador,17,24,15.8
2024-06-15,Porto Alegre,18,35,10.9
2024-06-23,Curitiba,3,26,27.5
2024-06-09,Porto Alegre,0,18,20.8
2024-12-18,Salvador,0,21,15.3
2024-08-07,Manaus,-2,25,5.8
2024-04-18,Manaus,1,33,8.7
2024-12-14,Manaus,7,18,21.5
2024-05-28,Recife,0,23,15.3
2024-03-06,São Paulo,0,23,26.5
2024-04-07,Curitiba,8,23,39.0
2024-02-04,Belo Horizonte,12,20,21.7
2024-07-01,Curitiba,-2,31,19.3
2024-07-10,Recife,13,16,29.3
2024-01-14,Recife,11,18,38.9
2024-04-25,Recife,10,19,29.6
2024-06-01,Recife,11,35,19.3
2024-02-21,Fortaleza,3,18,20.0
2024-01-10,Manaus,14,31,15.8
2024-01-22,Porto Alegre,1,31,15.6
2024-10-08,São Paulo,5,20,15.5
2024-05-21,Salvador,10,23,24.6
2024-08-10,Rio de Janeiro,16,34,3.3
2024-01-11,Curitiba,17,15,15.5
2024-05-26,Goiânia,-1,33,28.8
2024-08-21,São Paulo,5,24,5.2
2024-11-04,Goiânia,12,16,4.9
2024-02-24,Salvador,15,33,4.0
2024-07-18,Belo Horizonte,16,27,18.6
2024-01-15,Porto Alegre,3,18,38.4
2024-04-03,Goiânia,5,35,36.1
2024-12-05,Salvador,3,27,31.8
2024-03-06,Rio de Janeiro,11,33,29.4
2024-01-18,Manaus,12,26,31.7
2024-09-01,Belo Horizonte,17,22,8.0
2024-06-18,Curitiba,14,24,7.7
2024-10-21,Rio de Janeiro,-2,28,14.5
2024-04-26,Salvador,0,30,12.5
2024-05-13,Goiânia,4,26,4.9
2024-03-24,Rio de Janeiro,7,16,36.3
2024-02-05,Manaus,5,21,3.5
2024-06-12,Manaus,18,33,28.3
2024-10-19,São Paulo,5,25,32.3
2024-10-15,Rio de Janeiro,13,30,3.3
2024-08-23,São Paulo,4,16,13.8
2024-09-15,São Paulo,16,24,2.9
2024-05-23,Fortaleza,-2,25,3.7
2024-07-09,Manaus,5,35,25.2
2024-10-11,Curitiba,5,29,15.4
2024-05-04,Manaus,12,27,18.3
2024-11-14,São Paulo,-2,27,11.2
2024-05-11,Goiânia,12,35,26.7
2024-04-27,Rio de Janeiro,18,30,30.4
2024-01-08,Curitiba,3,23,23.2
2024-07-24,Recife,8,30,35.8
2024-05-28,Salvador,1,15,12.1
2024-05-18,São Paulo,16,24,28.0
2024-08-24,Curitiba,1,32,3.7
2024-06-13,São Paulo,8,24,6.5
2024-01-15,Goiânia,16,26,32.7
2024-12-10,Recife,11,18,4.2
2024-01-16,Goiânia,13,27,12.3
2024-08-12,Porto Alegre,9,28,13.7
2024-03-17,Goiânia,12,19,6.7
2024-11-19,Curitiba,7,31,13.5
2024-11-01,Curitiba,16,15,24.4
2024-05-22,Fortaleza,14,26,29.7
2024-01-27,Fortaleza,10,33,29.2
2024-03-28,Fortaleza,0,21,20.8
2024-07-26,Manaus,13,16,25.0
2024-08-15,Recife,12,34,15.0
2024-01-25,Curitiba,16,33,35.7
2024-07-05,Fortaleza,5,30,18.7
2024-03-24,Recife,0,17,2.2
2024-08-25,Curitiba,9,18,5.2
2024-10-14,Belo Horizonte,3,16,16.3
2024-11-06,Porto Alegre,4,20,9.3
2024-11-25,Curitiba,-1,19,8.6
2024-10-08,Porto Alegre,6,27,0.9
2024-07-27,São Paulo,10,33,39.4
2024-05-23,Curitiba,-2,27,24.5
2024-11-05,Curitiba,8,29,21.5
2024-07-11,Belo Horizonte,17,24,3.6
2024-09-11,Curitiba,13,16,1.3
2024-07-28,Porto Alegre,6,31,35.4
2024-09-11,Porto Alegre,15,30,31.2
2024-06-08,Rio de Janeiro,1,33,25.3
2024-09-26,São Paulo,6,20,14.5
2024-05-05,Manaus,-2,25,9.9
2024-08-14,Porto Alegre,2,26,13.3
2024-01-16,Manaus,11,32,21.2
2024-08-18,Fortaleza,-2,20,1.7
2024-12-19,Belo Horizonte,3,18,10.0
2024-02-16,São Paulo,0,34,38.8
2024-06-18,Fortaleza,11,21,38.1
2024-10-22,Belo Horizonte,15,30,22.6
2024-08-06,Manaus,13,21,33.1
2024-12-03,Porto Alegre,3,24,22.7
2024-07-06,Goiânia,1,30,36.6
2024-10-13,Porto Alegre,7,18,17.1
2024-04-07,Belo Horizonte,15,32,20.3
2024-08-01,São Paulo,8,17,28.1
2024-03-17,Recife,7,25,27.4
2024-03-01,Belo Horizonte,3,35,30.1
2024-02-24,Recife,9,24,14.7
2024-05-03,Fortaleza,6,31,19.9
2024-03-22,Rio de Janeiro,-1,23,16.2
2024-03-28,Recife,8,35,29.6
2024-02-12,Belo Horizonte,10,33,17.9
2024-05-06,São Paulo,5,27,2.2
2024-09-25,Salvador,7,32,37.3
2024-04-07,São Paulo,16,26,20.3
2024-08-05,Curitiba,15,21,15.9
2024-12-21,São Paulo,11,16,31.8
2024-05-11,Recife,17,19,9.2
2024-07-16,Rio de Janeiro,6,32,13.7
2024-12-04,Goiânia,18,29,0.3
2024-06-02,Rio de Janeiro,16,28,19.9
2024-08-22,Belo Horizonte,-2,34,5.2
2024-02-19,Belo Horizonte,-1,18,33.9
2024-03-18,Salvador,2,22,9.1
2024-03-19,Recife,-2,23,23.0
2024-04-25,Recife,16,25,20.2
2024-10-04,Salvador,15,35,36.3
2024-06-26,Rio de Janeiro,0,28,33.7
2024-10-21,Recife,0,24,24.1
2024-01-26,Recife,8,29,12.1
2024-02-26,Porto Alegre,3,24,22.5
2024-08-27,Curitiba,16,28,6.3
2024-03-12,Goiânia,0,31,37.0
2024-04-23,Rio de Janeiro,3,24,26.1
2024-08-24,Recife,5,35,17.4
2024-08-16,Belo Horizonte,6,24,7.7
2024-05-07,Salvador,7,34,35.9
2024-09-16,Belo Horizonte,17,27,14.5
2024-02-11,Fortaleza,7,22,35.8
2024-11-21,São Paulo,3,34,36.6
2024-01-25,Curitiba,6,32,25.9
2024-11-10,Belo Horizonte,7,30,23.2
2024-07-02,São Paulo,-1,33,11.5
2024-10-03,Fortaleza,9,30,9.1
2024-07-05,Porto Alegre,3,27,15.3
2024-12-27,Belo Horizonte,2,26,10.5
2024-03-02,Curitiba,11,34,9.2
2024-10-25,Rio de Janeiro,6,35,39.0
2024-02-22,Salvador,2,29,9.7
2024-12-04,Recife,3,20,15.8
2024-02-09,Recife,8,28,22.9
2024-01-01,Rio de Janeiro,14,23,5.0
2024-10-26,Curitiba,4,25,24.4
2024-12-09,Recife,7,20,6.3
2024-09-21,Curitiba,18,25,24.7
2024-11-14,Recife,13,17,39.3
2024-04-28,Goiânia,-2,20,6.6
2024-03-24,Porto Alegre,12,22,16.1
2024-01-02,Curitiba,2,34,22.5
2024-10-02,São Paulo,11,24,33.7
2024-07-03,Porto Alegre,7,19,18.1
2024-08-08,Salvador,8,23,26.3
2024-01-23,Porto Alegre,3,35,9.9
2024-07-20,Recife,17,19,29.0
2024-12-02,Fortaleza,12,26,32.5
2024-05-19,Curitiba,17,21,12.2
2024-04-22,Goiânia,10,33,0.8
2024-06-28,Curitiba,16,20,31.6
2024-12-12,Belo Horizonte,14,30,22.3
2024-04-11,Recife,4,22,33.1
2024-09-04,Curitiba,5,15,37.4
2024-04-09,Salvador,5,35,35.9
2024-11-07,São Paulo,3,22,16.9
2024-02-28,Belo Horizonte,2,24,30.3
2024-05-01,Goiânia,15,26,7.6
2024-08-06,São Paulo,5,22,13.9
2024-06-03,Fortaleza,-1,19,9.9
2024-03-11,Rio de Janeiro,-2,30,28.3
2024-06-12,Salvador,15,30,2.2
2024-10-09,São Paulo,6,19,6.1
2024-11-27,Porto Alegre,8,27,12.2
2024-02-19,Goiânia,3,26,32.5
2024-02-05,Salvador,5,31,32.0
2024-01-16,Manaus,0,33,3.6
2024-04-27,Salvador,-2,26,28.6
2024-04-24,Porto Alegre,17,23,37.3
2024-02-20,Recife,1,25,27.7
2024-06-12,Recife,1,27,17.3
2024-04-06,Manaus,18,35,5.3
2024-05-14,Curitiba,-2,28,4.8
2024-07-05,Rio de Janeiro,15,26,35.7
2024-12-14,Curitiba,8,19,0.4
2024-01-15,Fortaleza,0,25,1.7
2024-03-02,Salvador,17,32,26.4
2024-09-26,Salvador,18,28,23.8
2024-08-03,Porto Alegre,4,21,27.7
2024-07-01,Manaus,-1,33,1.5
2024-01-03,Porto Alegre,11,18,34.0
2024-12-07,Goiânia,2,30,33.2
2024-09-17,Manaus,1,32,23.8
2024-01-09,Fortaleza,1,27,37.5
2024-09-17,Rio de Janeiro,11,31,18.9
2024-09-24,Salvador,0,31,32.7
2024-06-14,Goiânia,-1,26,25.1
2024-11-19,Fortaleza,8,27,30.3
2024-09-25,Belo Horizonte,10,30,7.0
2024-01-01,Recife,2,30,6.3
2024-01-24,Manaus,1,24,17.9
2024-11-07,Recife,4,26,16.8
2024-01-15,Manaus,5,15,38.4
2024-04-02,Fortaleza,17,29,38.1
2024-09-25,Goiânia,16,35,39.5
2024-06-04,Porto Alegre,9,24,24.3
2024-04-14,Recife,0,23,15.5
2024-05-19,São Paulo,11,27,21.1
2024-12-14,Recife,9,17,34.7
2024-06-25,Recife,1,17,17.0
2024-06-14,São Paulo,9,34,31.8
2024-07-07,Porto Alegre,5,17,20.2
2024-11-21,Recife,4,33,37.3
2024-01-24,São Paulo,2,26,21.2
2024-06-14,Salvador,4,22,30.8
2024-12-16,Recife,5,15,27.1
2024-02-13,Recife,15,30,4.3
2024-03-27,Fortaleza,1,26,11.3
2024-08-22,Belo Horizonte,-2,18,5.7
2024-11-02,Belo Horizonte,9,24,13.5
2024-01-22,São Paulo,8,24,23.6
2024-01-17,São Paulo,16,33,36.7
2024-04-19,Recife,10,35,18.3
2024-09-17,Recife,2,24,15.1
2024-07-07,São Paulo,4,24,9.9
2024-04-25,São Paulo,-2,15,23.2
2024-05-08,Salvador,3,34,12.3
2024-04-01,Recife,6,18,17.5
2024-10-19,Fortaleza,8,23,16.5
2024-07-05,Manaus,17,30,27.7
2024-06-04,Manaus,17,27,6.3
2024-06-05,Recife,8,35,16.2
2024-01-06,Belo Horizonte,5,16,5.2
2024-05-02,Salvador,10,29,18.1
2024-02-06,Salvador,0,26,20.7
2024-12-02,Porto Alegre,1,31,34.0
2024-03-25,Manaus,-2,25,2.8
2024-07-14,São Paulo,15,18,34.0
2024-04-19,Belo Horizonte,13,31,22.1
2024-05-16,Goiânia,-1,33,22.3
2024-04-14,Rio de Janeiro,8,19,18.9
2024-10-11,Manaus,7,24,12.1
2024-01-05,Belo Horizonte,6,32,6.0
2024-09-18,Fortaleza,4,17,9.8
2024-08-08,Recife,0,24,14.7
2024-04-03,Rio de Janeiro,15,16,27.8
2024-07-22,Fortaleza,18,33,32.5
2024-05-26,Rio de Janeiro,17,22,26.8
2024-07-01,Fortaleza,0,15,10.5
2024-02-28,Manaus,16,18,33.2
2024-10-26,Goiânia,2,25,33.9
2024-07-22,Goiânia,2,24,29.1
2024-07-18,Manaus,4,24,2.5
2024-01-08,Porto Alegre,0,23,3.7
2024-02-17,Rio de Janeiro,1,32,25.3
2024-05-01,Salvador,0,22,6.3
2024-11-04,Recife,16,15,12.4
2024-08-02,Manaus,9,28,0.1
2024-12-09,São Paulo,10,29,4.0
2024-11-27,Manaus,12,31,8.5
2024-01-07,Rio de Janeiro,6,26,30.5
2024-07-09,Salvador,13,19,37.9
2024-03-15,Salvador,13,34,10.8
2024-01-15,Porto Alegre,-2,22,8.6
2024-08-09,Porto Alegre,17,35,23.2
2024-09-15,São Paulo,17,22,9.9
2024-02-23,Curitiba,10,34,11.6
2024-03-27,Fortaleza,7,17,0.2
2024-07-01,Curitiba,3,28,30.4
2024-08-12,Curitiba,0,35,22.3
2024-06-16,Fortaleza,5,17,27.4
2024-01-03,São Paulo,15,34,16.2
2024-06-10,Fortaleza,1,20,12.9
2024-07-02,Fortaleza,7,15,2.5
2024-08-10,Manaus,10,29,24.0
2024-09-13,Goiânia,14,33,10.9
2024-05-17,Rio de Janeiro,12,15,35.9
2024-04-13,Rio de Janeiro,-2,16,36.9
2024-08-26,Recife,-2,17,17.8
2024-04-21,Recife,8,33,36.3
2024-10-07,Curitiba,-1,29,21.1
2024-02-03,Recife,1,33,28.1
2024-07-27,São Paulo,-1,23,24.6
2024-03-03,Porto Alegre,7,24,3.4
2024-06-11,Goiânia,11,29,11.2
2024-04-08,Manaus,7,33,29.2
2024-12-11,Salvador,3,22,22.7
2024-02-16,São Paulo,4,22,14.4
2024-01-25,São Paulo,7,34,27.8
2024-10-19,Belo Horizonte,10,35,16.2
2024-06-07,Fortaleza,1,34,19.1
2024-08-08,Rio de Janeiro,12,21,38.5
2024-05-25,Fortaleza,2,23,20.3
2024-12-24,Belo Horizonte,4,32,32.9
2024-09-13,Salvador,5,34,6.1
2024-08-22,Fortaleza,15,29,26.6
2024-05-23,Rio de Janeiro,5,23,23.1
2024-02-25,Recife,17,27,17.6
2024-01-14,São Paulo,9,26,22.4
2024-02-16,Curitiba,8,29,24.3
2024-02-23,Rio de Janeiro,10,19,13.6
2024-07-23,Goiânia,15,34,7.5
2024-06-25,Porto Alegre,10,24,16.0
2024-10-18,Goiânia,12,15,4.1
2024-05-22,Salvador,9,30,0.2
2024-04-20,Curitiba,6,19,19.0
2024-02-24,Manaus,10,27,38.2
2024-10-05,Salvador,8,19,24.2
2024-11-02,Salvador,-2,34,37.0
2024-07-02,São Paulo,-1,17,31.4
2024-02-22,São Paulo,0,25,17.0
2024-07-03,Goiânia,12,21,22.5
2024-05-25,Goiânia,18,31,3.3
2024-02-28,Curitiba,-2,16,26.9
2024-09-17,Belo Horizonte,18,21,21.2
2024-05-22,Fortaleza,16,34,2.0
2024-11-22,Manaus,10,30,5.1
2024-11-07,Rio de Janeiro,-1,23,26.6
2024-09-04,Recife,12,35,9.8
2024-07-28,Salvador,8,28,2.8
2024-03-05,Rio de Janeiro,14,32,5.4
2024-03-01,Fortaleza,4,17,21.1
2024-07-27,Porto Alegre,1,30,15.4
2024-11-21,Curitiba,-2,19,7.6
2024-05-25,Rio de Janeiro,18,28,24.3
2024-07-17,Curitiba,8,35,24.4
2024-02-14,Recife,11,23,0.6
2024-04-05,Curitiba,16,17,28.5
2024-12-08,Belo Horizonte,8,19,31.5
2024-09-05,Fortaleza,12,18,7.0
2024-10-08,Recife,16,23,24.2
2024-10-19,Salvador,3,20,12.5
2024-10-14,Porto Alegre,6,24,27.4
2024-05-25,Curitiba,18,28,30.7
2024-12-18,Fortaleza,14,18,34.9
2024-02-03,Porto Alegre,5,22,1.9
2024-05-01,Goiânia,14,15,12.8
2024-08-16,Rio de Janeiro,8,25,28.1
2024-10-22,São Paulo,18,27,27.9
2024-03-25,Recife,14,30,37.2
2024-01-06,Salvador,16,18,27.5
2024-01-23,Porto Alegre,10,22,18.7
2024-02-14,Belo Horizonte,10,27,29.0
2024-04-05,Curitiba,8,31,11.9
2024-09-26,São Paulo,3,34,12.8
2024-11-20,Goiânia,16,30,18.7
2024-04-24,Recife,16,21,24.1
2024-06-16,Goiânia,8,26,2.7
2024-11-27,Belo Horizonte,6,29,10.8
2024-02-03,Rio de Janeiro,13,21,39.5
2024-08-01,Curitiba,14,28,5.9
2024-06-13,Recife,11,18,4.1
2024-06-18,Porto Alegre,3,21,8.3
2024-01-18,São Paulo,9,27,38.2
2024-01-24,Manaus,2,33,38.6
2024-11-09,Manaus,2,31,18.7
2024-03-26,Rio de Janeiro,-1,30,27.3
2024-09-17,Curitiba,0,20,25.5
2024-04-23,Fortaleza,9,24,21.8
2024-03-06,São Paulo,13,19,0.3
2024-10-15,São Paulo,15,24,5.5
2024-08-09,Rio de Janeiro,11,20,19.6
2024-12-14,Curitiba,18,27,13.0
2024-03-20,Salvador,9,25,3.7
2024-12-01,São Paulo,9,17,1.3
2024-02-20,Porto Alegre,15,23,28.4
2024-03-14,Belo Horizonte,4,16,0.5
2024-07-01,Recife,2,19,9.6
2024-01-05,Manaus,5,15,28.2
2024-04-22,Porto Alegre,2,35,11.0
2024-08-11,Curitiba,16,18,39.2
2024-10-05,Manaus,-2,34,4.5
2024-07-23,Fortaleza,5,18,16.9
2024-07-20,Fortaleza,15,30,29.1
2024-05-01,Curitiba,4,15,10.2
2024-05-09,Rio de Janeiro,-2,27,4.0
2024-07-09,Goiânia,12,15,1.2
2024-09-10,Porto Alegre,8,32,1.1
2024-06-24,Rio de Janeiro,13,28,12.0
2024-10-14,Belo Horizonte,14,15,23.5
2024-05-04,Rio de Janeiro,9,15,12.7
2024-01-21,Goiânia,11,34,22.9
2024-12-14,Rio de Janeiro,4,18,13.2
2024-03-23,Salvador,9,20,27.9
2024-12-06,Belo Horizonte,15,16,13.0
2024-09-07,Recife,18,29,25.4
2024-04-12,Porto Alegre,-1,24,19.9
2024-07-06,Salvador,4,34,14.6
2024-02-03,Rio de Janeiro,8,20,32.7
2024-06-17,Fortaleza,3,29,17.8
2024-09-18,Manaus,3,27,1.6
2024-02-15,Porto Alegre,15,33,0.7
2024-04-01,Porto Alegre,9,32,35.6
2024-09-01,Goiânia,13,18,33.5
2024-07-03,Porto Alegre,2,20,24.4
2024-04-12,Salvador,7,26,23.9
2024-03-02,Salvador,9,33,16.3
2024-06-15,Recife,17,34,39.3
2024-02-04,Curitiba,12,33,31.9
2024-04-01,Porto Alegre,8,29,16.5
2024-03-15,Porto Alegre,8,18,3.5
2024-07-01,Manaus,16,26,38.7
2024-10-15,São Paulo,1,26,26.4
2024-03-06,Rio de Janeiro,4,21,15.2
2024-09-20,Fortaleza,-1,15,36.6
2024-04-09,Recife,11,17,5.2
2024-09-21,Goiânia,14,33,24.7
2024-04-01,Recife,6,27,36.1
2024-12-04,Curitiba,16,34,30.2
2024-08-19,Goiânia,2,29,4.2
2024-06-23,Fortaleza,-1,22,8.4
2024-11-16,Manaus,14,26,35.3
2024-03-17,Salvador,18,32,34.4
2024-09-13,Manaus,18,18,21.8
2024-05-25,Curitiba,16,29,15.8
2024-04-02,Goiânia,-2,35,0.2
2024-04-16,Goiânia,7,34,23.3
2024-10-28,Porto Alegre,6,25,18.5
2024-11-22,Porto Alegre,7,23,4.4
2024-01-15,Fortaleza,16,20,29.8
2024-03-13,Salvador,7,35,9.3
2024-08-27,Salvador,16,18,27.6
2024-01-26,Porto Alegre,5,25,23.2
2024-09-07,Goiânia,14,25,38.2
2024-11-23,Goiânia,-1,29,32.5
2024-12-26,Goiânia,11,26,20.3
2024-06-15,Manaus,5,30,13.2
2024-11-26,Manaus,0,27,19.1
2024-05-27,Curitiba,7,16,19.6
2024-12-07,São Paulo,12,35,26.8
2024-11-27,Recife,12,27,3.8
2024-11-21,Curitiba,8,15,25.7
2024-01-16,Manaus,15,21,15.5
2024-03-05,Curitiba,4,31,12.9
2024-01-08,Curitiba,11,33,23.5
2024-06-05,Manaus,8,16,29.1
2024-04-03,Belo Horizonte,10,25,7.8
2024-08-08,Salvador,8,18,11.4
2024-08-05,Porto Alegre,17,16,7.5
2024-03-08,Porto Alegre,13,30,3.0
2024-07-26,Goiânia,8,16,23.4
2024-12-12,Salvador,9,26,27.8
2024-01-05,São Paulo,-1,28,4.5
2024-05-03,Curitiba,11,24,10.6
2024-06-19,Porto Alegre,13,27,4.4
2024-03-04,Manaus,16,22,37.1
2024-10-03,Belo Horizonte,13,15,33.7
2024-06-01,Recife,10,18,36.2
2024-03-28,Belo Horizonte,15,35,9.5
2024-12-21,São Paulo,9,27,11.8
2024-07-18,Salvador,5,15,37.5
2024-06-12,Salvador,8,33,13.3
2024-03-14,Curitiba,8,28,0.3
2024-08-16,Manaus,17,24,36.9
2024-04-08,Belo Horizonte,13,28,34.3
2024-04-19,Goiânia,-1,23,27.1
2024-07-02,São Paulo,14,20,27.8
2024-04-13,Goiânia,10,19,37.9
2024-07-19,São Paulo,3,20,6.0
2024-10-15,Salvador,8,15,16.0
2024-08-25,Goiânia,-1,28,25.7
2024-08-01,Rio de Janeiro,8,18,6.9
2024-01-07,Goiânia,4,23,12.4
2024-01-15,Fortaleza,17,30,35.8
2024-02-13,Belo Horizonte,0,32,26.0
2024-11-08,Curitiba,16,35,34.2
2024-02-24,Goiânia,3,33,36.8
2024-11-20,Belo Horizonte,1,15,34.0
2024-04-01,Recife,0,20,6.9
2024-07-02,São Paulo,15,19,35.4
2024-09-08,Recife,12,23,7.3
2024-01-11,Porto Alegre,17,32,13.0
2024-12-18,Manaus,12,20,35.6
2024-03-02,Fortaleza,4,19,6.4
2024-11-17,São Paulo,0,20,16.9
2024-10-18,São Paulo,7,23,16.6
2024-07-12,Manaus,16,25,5.5
2024-05-16,Fortaleza,-2,33,16.7
2024-12-27,São Paulo,18,28,35.4
2024-05-15,Belo Horizonte,18,23,36.7
2024-06-06,Salvador,12,21,18.1
2024-08-23,Porto Alegre,13,30,21.9
2024-09-09,São Paulo,12,15,32.4
2024-12-20,Porto Alegre,11,25,19.1
2024-08-25,São Paulo,11,17,5.7
2024-10-17,Manaus,17,29,38.1
2024-03-18,Porto Alegre,2,27,20.9
2024-10-05,Manaus,2,27,27.5
2024-02-23,Fortaleza,6,18,17.5
2024-01-11,Curitiba,13,17,25.8
2024-07-02,Salvador,10,27,21.7
2024-01-26,Curitiba,0,35,16.1
2024-05-16,Goiânia,9,35,2.6
2024-08-19,Manaus,4,18,35.2
2024-05-05,Manaus,9,22,39.3
2024-11-22,Porto Alegre,0,27,31.7
2024-02-19,Goiânia,0,34,22.3
2024-05-18,São Paulo,14,29,0.1
2024-12-04,Recife,-2,31,31.2
2024-11-13,Recife,1,26,6.8
2024-08-15,Rio de Janeiro,-1,30,33.1
2024-01-10,Curitiba,5,28,39.0
2024-10-12,Recife,17,27,18.1
2024-03-21,Porto Alegre,11,17,26.8
2024-06-03,Rio de Janeiro,-1,33,37.0
2024-01-22,Recife,-1,18,19.9
2024-12-12,São Paulo,3,15,14.9
2024-03-12,Porto Alegre,16,30,6.5
2024-11-08,Goiânia,3,16,3.3
2024-11-06,Goiânia,13,26,36.2
2024-10-16,Porto Alegre,18,29,27.0
2024-11-22,Salvador,18,22,34.7
2024-07-11,Goiânia,12,24,10.2
2024-03-12,Belo Horizonte,10,34,30.5
2024-05-22,Belo Horizonte,-1,24,3.3
2024-05-04,Salvador,4,29,11.7
2024-11-28,Salvador,0,21,9.5
2024-10-25,Curitiba,12,28,31.8
2024-07-24,Goiânia,17,29,15.2
2024-02-24,Fortaleza,-2,31,12.8
2024-08-25,Rio de Janeiro,12,24,23.9
2024-01-26,Salvador,14,24,24.6
2024-07-17,Manaus,0,23,10.9
2024-10-02,Manaus,-1,21,38.2
2024-06-17,Fortaleza,3,24,29.4
2024-11-12,Recife,6,23,13.2
2024-10-20,Goiânia,15,28,8.4
2024-05-12,Curitiba,8,19,39.0
2024-12-19,Rio de Janeiro,1,18,3.6
2024-01-23,Manaus,9,17,38.5
2024-05-14,Fortaleza,14,34,22.2
2024-12-11,Goiânia,5,20,3.1
2024-06-27,Goiânia,11,18,20.0
2024-04-02,Recife,4,35,11.0
2024-09-01,São Paulo,2,19,26.3
2024-07-09,Belo Horizonte,9,34,38.7
2024-08-22,Belo Horizonte,-2,25,34.1
2024-05-18,Belo Horizonte,16,31,34.8
2024-08-26,Manaus,1,34,5.6
2024-02-28,Porto Alegre,13,23,24.4
2024-09-09,Recife,7,27,0.2
2024-03-19,Curitiba,12,18,19.3
2024-09-09,Recife,3,17,10.5
2024-02-15,Belo Horizonte,13,25,21.4
2024-05-12,Belo Horizonte,17,20,17.0
2024-07-20,Manaus,14,35,24.7
2024-10-18,Manaus,12,30,13.2
2024-05-11,Manaus,6,29,30.3
2024-02-08,Porto Alegre,-2,18,36.7
2024-03-24,Goiânia,4,28,39.8
2024-01-23,Salvador,17,28,7.3
2024-08-11,Rio de Janeiro,16,21,10.0
2024-04-17,Goiânia,-2,18,6.1
2024-05-27,Manaus,7,24,19.1
2024-04-14,Salvador,11,18,36.8
2024-02-12,Fortaleza,15,27,5.4
2024-03-23,Curitiba,-1,29,1.1
2024-07-11,Goiânia,6,31,1.2
2024-06-08,Rio de Janeiro,10,16,5.3
2024-03-15,Porto Alegre,5,22,2.1
2024-08-22,Belo Horizonte,18,30,2.7
2024-07-21,Belo Horizonte,7,24,18.3
2024-06-14,Curitiba,0,18,5.2
2024-02-07,Manaus,-2,30,21.8
2024-03-18,Recife,15,16,36.2
2024-07-03,Salvador,7,26,24.9
2024-09-11,Manaus,10,27,9.3
2024-07-11,Porto Alegre,0,31,37.2
2024-03-21,Manaus,14,20,13.5
2024-02-06,Manaus,15,27,17.3
2024-01-11,Goiânia,6,27,23.6
2024-12-20,Manaus,7,20,21.5
2024-03-23,Manaus,7,29,35.3
2024-06-05,São Paulo,5,17,26.8
2024-11-06,Goiânia,15,32,34.7
2024-08-03,Belo Horizonte,4,20,36.7
2024-04-28,Fortaleza,10,31,17.5
2024-05-05,Recife,13,32,15.6
2024-07-18,Salvador,3,30,5.8
2024-08-24,Fortaleza,-2,22,6.0
2024-09-16,Recife,15,22,33.2
2024-08-03,São Paulo,11,20,26.6
2024-04-27,Curitiba,6,35,25.3
2024-11-23,Salvador,13,22,13.7
2024-07-06,Curitiba,18,19,34.4
2024-08-16,São Paulo,-1,23,13.2
2024-06-17,Salvador,16,30,8.7
2024-03-25,Recife,5,35,26.8
2024-03-06,Manaus,9,29,36.9
2024-01-10,Belo Horizonte,6,16,30.5
2024-03-11,Salvador,8,24,36.3
2024-09-20,Curitiba,16,29,35.7
2024-08-21,São Paulo,7,18,4.2
2024-08-18,Manaus,0,26,31.5
2024-07-21,Porto Alegre,10,35,18.4
2024-09-13,Salvador,10,34,0.4
2024-05-17,Porto Alegre,11,30,29.8
2024-04-06,Belo Horizonte,17,17,38.6
2024-03-10,Manaus,17,25,14.1
2024-08-23,Recife,-2,15,26.4
2024-07-06,Curitiba,17,23,37.6
2024-10-27,Goiânia,6,20,16.9
2024-01-16,Fortaleza,-2,35,22.2
2024-06-07,São Paulo,0,19,37.8
2024-01-08,Curitiba,16,31,1.2
2024-02-08,Manaus,13,17,34.7
2024-07-05,Manaus,5,22,14.2
2024-09-20,São Paulo,8,32,31.0
2024-02-02,Manaus,-2,18,14.6
2024-04-07,Recife,6,21,13.0
2024-08-01,Belo Horizonte,18,35,18.0
2024-03-17,Recife,0,25,37.0
2024-06-20,Fortaleza,17,26,18.5
2024-10-22,Porto Alegre,9,30,13.6
2024-06-20,Goiânia,9,26,1.0
2024-06-11,Curitiba,18,27,5.4
2024-12-21,Rio de Janeiro,12,18,12.0
2024-06-27,Porto Alegre,0,32,9.0
2024-06-06,Salvador,2,26,5.7
2024-01-15,Manaus,18,31,6.6
2024-02-13,Salvador,1,17,24.4
2024-12-06,Rio de Janeiro,7,26,19.7
2024-12-10,Salvador,2,16,32.2
2024-01-26,Belo Horizonte,13,35,15.4
2024-10-09,Recife,4,15,20.5
2024-09-05,Porto Alegre,-1,21,32.9
2024-06-22,Curitiba,3,17,31.4
2024-12-10,Porto Alegre,-2,20,23.3
2024-07-08,Porto Alegre,18,15,23.0
2024-02-06,Rio de Janeiro,15,16,14.5
2024-11-06,Salvador,13,33,12.7
2024-10-02,São Paulo,7,30,24.3
2024-05-03,Belo Horizonte,18,22,36.2
2024-06-10,Fortaleza,-2,17,22.1
2024-10-03,Rio de Janeiro,4,24,29.6
2024-12-08,Porto Alegre,14,26,18.9
2024-04-07,Goiânia,17,28,27.7
2024-08-14,Manaus,11,17,7.4
2024-04-10,Belo Horizonte,1,18,6.0
2024-03-20,Rio de Janeiro,4,31,3.3
2024-04-02,Rio de Janeiro,7,33,34.4
2024-09-02,Belo Horizonte,17,31,38.0
2024-01-18,Manaus,18,31,28.5
2024-10-13,Fortaleza,7,26,6.3
2024-02-27,Goiânia,1,33,34.8
2024-01-17,Belo Horizonte,0,21,7.7
2024-07-18,Curitiba,1,29,38.4
2024-04-25,Fortaleza,18,27,19.6
2024-05-23,Rio de Janeiro,13,17,0.5
2024-11-07,Manaus,16,17,24.7
2024-09-26,Recife,7,16,12.8
2024-01-04,Curitiba,4,20,0.9
2024-04-09,Porto Alegre,16,26,17.2
2024-08-03,Porto Alegre,14,30,30.8
2024-06-02,Recife,12,26,30.0
2024-03-12,Recife,2,22,3.0
2024-07-25,Curitiba,1,27,1.0
2024-04-22,Recife,18,31,29.1
2024-02-21,São Paulo,8,29,39.1
2024-01-07,Goiânia,17,27,34.4
2024-04-02,Fortaleza,10,29,0.9
2024-06-20,Goiânia,6,27,36.6
2024-07-13,Goiânia,5,19,39.5
2024-04-07,Recife,-1,15,19.7
2024-12-22,Salvador,14,15,31.3
2024-10-16,Rio de Janeiro,6,35,1.9
2024-07-07,Curitiba,3,21,11.9
2024-01-26,Fortaleza,8,32,31.1
2024-05-10,Manaus,14,32,7.7
2024-11-06,Curitiba,12,25,24.0
2024-01-27,Goiânia,13,20,5.7
2024-06-18,Belo Horizonte,9,32,37.8
2024-12-09,Salvador,8,18,8.5
2024-02-19,Fortaleza,-2,21,36.8
2024-09-28,Belo Horizonte,5,28,19.8
2024-09-07,Manaus,13,21,15.9
2024-10-27,Curitiba,2,22,21.3
2024-01-09,Curitiba,11,23,17.6
2024-09-10,Fortaleza,11,23,20.7
2024-12-16,Porto Alegre,1,27,9.2
2024-02-05,São Paulo,10,22,4.2
2024-06-12,Belo Horizonte,16,29,19.2
2024-01-04,Porto Alegre,9,31,12.1
2024-09-04,Rio de Janeiro,6,23,32.0
2024-06-15,Belo Horizonte,15,18,28.3
2024-12-07,Fortaleza,0,17,16.6
2024-07-04,Rio de Janeiro,7,27,36.7
2024-04-13,Rio de Janeiro,0,31,24.3
2024-07-24,São Paulo,8,25,13.6
2024-11-09,Fortaleza,9,23,7.0
2024-07-17,Curitiba,10,31,30.1
2024-04-16,Recife,0,23,32.3
2024-04-10,Porto Alegre,18,25,11.2
2024-06-28,Goiânia,9,28,31.5
2024-01-01,Curitiba,-2,17,3.7
2024-07-21,Belo Horizonte,2,30,31.0
2024-04-17,Fortaleza,16,30,36.3
2024-11-05,Rio de Janeiro,18,29,29.7
2024-04-13,Manaus,5,32,14.7
2024-01-19,Salvador,18,29,0.9
2024-10-07,Porto Alegre,-2,34,22.9
2024-07-22,Salvador,-1,32,4.5
2024-04-14,Porto Alegre,-2,22,11.0
2024-09-21,Porto Alegre,15,23,7.6
2024-12-16,Recife,-1,15,27.6
2024-03-26,Recife,16,25,28.5
2024-10-11,Rio de Janeiro,7,20,23.8
2024-06-09,Porto Alegre,17,27,17.1
2024-06-10,Belo Horizonte,0,30,33.7
2024-12-12,Fortaleza,2,30,13.7
2024-09-01,São Paulo,1,28,38.7
2024-12-23,Rio de Janeiro,18,29,8.2
2024-05-15,Goiânia,7,25,23.4
2024-04-11,Rio de Janeiro,11,21,22.0
2024-03-14,Porto Alegre,14,34,19.5
2024-02-22,São Paulo,-1,17,17.8
2024-08-18,Rio de Janeiro,2,34,11.4
2024-11-11,Recife,10,17,29.5
2024-04-02,Porto Alegre,16,24,22.4
2024-02-23,Porto Alegre,3,35,28.2
2024-11-28,Curitiba,8,26,31.0
2024-09-07,Curitiba,13,20,27.0
2024-08-23,Salvador,10,30,23.0
2024-09-04,Curitiba,-1,19,16.6
2024-06-13,Porto Alegre,18,29,38.0
2024-08-04,Rio de Janeiro,8,31,22.4
2024-12-24,Rio de Janeiro,14,29,38.4
2024-11-17,Goiânia,6,17,37.3
2024-01-16,Goiânia,1,18,39.6
2024-02-03,Porto Alegre,10,23,10.2
2024-12-21,Rio de Janeiro,1,33,34.3
2024-04-02,Goiânia,12,26,32.0
2024-03-24,Porto Alegre,13,21,38.4
2024-11-17,Manaus,18,25,38.8
2024-03-08,Recife,13,24,22.4
