id_venda,data,id_cliente,id_produto,quantidade,preco_unitario,total,canal
1,2023-05-03,336,6,2,70.7,141.4,online
2,2023-01-13,321,5,1,172.17,172.17,loja
3,2023-01-07,245,2,4,25.99,103.96,loja
4,2024-01-01,357,6,5,1723.26,8616.3,loja
5,2023-04-13,46,12,4,68.77,275.08,loja
6,2024-03-13,397,14,1,249.37,249.37,loja
7,2023-10-21,85,8,2,41.17,82.34,online
8,2024-10-22,227,14,2,24.41,48.82,loja
9,2023-10-24,197,6,1,98.1,98.1,online
10,2024-11-03,128,9,3,79.99,239.97,marketplace
11,2023-11-10,106,9,5,244.2,1221.0,marketplace
12,2024-11-02,402,15,5,3299.75,16498.74,loja
13,2024-11-20,37,9,4,79.64,318.56,loja
14,2024-10-14,188,9,3,44.68,134.04,loja
15,2023-01-09,111,1,4,449.07,1796.29,loja
16,2024-07-23,206,2,4,142.9,571.6,marketplace
17,2023-05-03,262,15,5,50.52,252.6,loja
18,2023-05-23,224,12,2,449.33,898.65,loja
19,2024-02-15,314,10,1,302.69,302.69,loja
20,2023-02-01,363,3,3,24.38,73.14,loja
21,2024-03-12,65,12,2,1299.95,2599.91,online
22,2024-07-09,269,2,1,406.06,406.06,online
23,2024-09-12,29,8,5,20.45,102.25,marketplace
24,2023-10-22,371,2,2,249.16,498.31,loja
25,2023-04-02,242,6,5,24.84,124.2,online
26,2023-09-26,468,12,2,838.49,1676.98,online
27,2024-05-27,40,10,2,249.25,498.5,online
28,2023-03-08,412,9,1,308.86,308.86,loja
29,2024-05-11,45,9,4,54.99,219.96,online
30,2024-12-20,125,8,1,249.2,249.2,online
31,2023-12-18,390,13,5,1296.17,6480.85,loja
32,2023-04-18,178,11,2,122.47,244.94,loja
33,2024-12-24,158,2,3,130.66,391.98,loja
34,2023-03-23,144,2,5,1396.58,6982.9,loja
35,2024-12-12,235,12,2,85.95,171.9,loja
36,2024-02-19,291,1,5,60.41,302.03,online
37,2024-07-23,426,12,2,976.41,1952.82,online
38,2023-04-05,400,13,3,367.83,1103.49,marketplace
39,2024-08-11,209,2,1,899.11,899.11,marketplace
40,2024-08-09,437,2,3,109.08,327.24,loja
41,2023-04-27,439,6,2,314.32,628.64,loja
42,2024-07-17,26,11,1,389.25,389.25,online
43,2023-07-28,232,9,3,79.34,238.02,marketplace
44,2023-02-01,32,14,2,38.44,76.88,loja
45,2024-11-21,481,11,2,3299.82,6599.65,loja
46,2023-01-03,102,15,5,71.74,358.7,online
47,2024-02-02,483,8,2,56.11,112.22,loja
48,2024-08-01,196,11,2,98.57,197.15,online
49,2023-05-09,229,15,2,69.17,138.34,loja
50,2023-11-10,256,7,1,143.77,143.77,marketplace
51,2024-03-14,103,11,4,129.99,519.95,marketplace
52,2023-07-26,366,6,2,25.87,51.74,online
53,2024-07-09,93,1,5,227.93,1139.65,online
54,2024-01-26,242,9,5,3299.03,16495.15,online
55,2023-04-22,124,5,5,3213.68,16068.4,marketplace
56,2023-10-28,409,7,1,447.45,447.45,online
57,2024-12-23,184,15,2,899.24,1798.47,marketplace
58,2023-10-07,429,13,1,278.51,278.51,online
59,2023-02-02,120,10,5,51.58,257.9,loja
60,2024-10-07,413,3,1,449.48,449.48,online
61,2024-01-01,76,10,2,82.59,165.18,loja
62,2024-02-12,361,11,1,51.53,51.53,online
63,2024-03-06,375,7,5,60.24,301.18,online
64,2024-04-22,302,14,3,641.61,1924.83,loja
65,2024-03-06,374,1,4,152.05,608.2,marketplace
66,2023-03-20,163,15,4,80.89,323.58,marketplace
67,2024-03-11,382,2,2,23.34,46.68,loja
68,2023-12-22,328,12,3,58.45,175.35,online
69,2023-12-03,180,5,4,130.17,520.66,loja
70,2024-03-14,253,15,1,62.41,62.41,online
71,2024-10-21,389,11,3,181.02,543.06,loja
72,2023-05-01,164,5,2,1299.07,2598.15,loja
73,2024-03-24,39,9,1,58.95,58.95,loja
74,2024-12-01,221,11,3,216.96,650.88,loja
75,2023-02-11,106,4,5,98.43,492.17,online
76,2024-11-10,153,4,5,361.54,1807.7,loja
77,2024-03-02,185,1,1,322.47,322.47,online
78,2024-04-04,14,4,1,200.72,200.72,loja
79,2023-05-26,204,8,3,38.9,116.7,online
80,2024-03-12,454,7,3,45.61,136.83,online
81,2024-08-09,116,14,2,1299.04,2598.09,online
82,2023-02-22,177,13,5,36.61,183.05,marketplace
83,2023-07-27,268,7,4,272.99,1091.96,marketplace
84,2024-05-03,203,15,4,220.78,883.13,loja
85,2023-02-25,230,3,5,200.0,1000.0,loja
86,2023-07-03,350,7,2,102.68,205.36,loja
87,2024-12-26,35,2,2,80.5,160.99,online
88,2024-09-15,470,14,5,312.04,1560.2,loja
89,2024-02-14,77,3,5,124.46,622.3,marketplace
90,2023-02-19,400,2,5,220.66,1103.29,online
91,2024-05-13,336,8,5,46.82,234.1,marketplace
92,2024-07-05,317,10,5,67.92,339.6,online
93,2024-12-08,26,12,1,549.89,549.89,online
94,2024-05-10,144,14,3,49.05,147.15,online
95,2024-12-15,397,14,1,33.65,33.65,online
96,2023-04-15,109,15,3,389.42,1168.25,online
97,2024-01-17,406,3,4,241.58,966.32,loja
98,2023-09-19,15,3,3,207.01,621.03,loja
99,2023-08-02,471,6,2,79.96,159.92,loja
100,2024-11-04,349,1,3,208.58,625.74,loja
101,2023-08-19,283,6,3,779.78,2339.34,online
102,2023-05-01,198,1,2,80.79,161.59,loja
103,2023-11-08,347,4,5,433.95,2169.75,online
104,2023-08-05,332,3,4,28.6,114.4,marketplace
105,2024-12-23,330,5,1,3299.25,3299.25,online
106,2024-04-15,155,11,4,40.89,163.56,marketplace
107,2023-09-22,495,14,5,329.19,1645.95,online
108,2024-05-22,56,8,5,26.49,132.47,loja
109,2024-05-21,365,15,3,135.24,405.72,online
110,2023-01-26,439,13,2,474.7,949.4,marketplace
111,2023-12-01,336,8,4,26.22,104.88,online
112,2024-12-02,299,12,3,52.65,157.95,marketplace
113,2023-11-18,327,13,2,186.38,372.76,online
114,2023-11-18,93,5,3,449.3,1347.9,loja
115,2023-11-11,336,2,4,671.27,2685.08,loja
116,2024-07-26,455,6,3,2460.26,7380.78,online
117,2023-08-02,444,11,3,220.19,660.58,marketplace
118,2023-09-04,445,11,5,34.24,171.2,online
119,2023-03-07,176,7,5,94.32,471.6,marketplace
120,2023-02-16,171,11,4,899.32,3597.27,loja
121,2024-05-07,390,13,3,20.34,61.02,loja
122,2023-03-20,223,11,5,87.97,439.85,online
123,2024-01-02,274,4,4,549.97,2199.86,online
124,2023-01-22,3,11,1,45.13,45.13,loja
125,2024-03-04,197,9,2,343.61,687.22,marketplace
126,2023-05-10,234,12,3,899.07,2697.2,marketplace
127,2023-06-16,184,13,5,164.93,824.65,loja
128,2024-01-08,115,12,2,91.62,183.24,loja
129,2023-02-12,365,11,2,389.02,778.04,loja
130,2023-10-02,339,2,4,69.95,279.8,loja
131,2024-07-04,281,5,1,62.73,62.73,online
132,2023-05-14,339,2,2,3299.7,6599.39,marketplace
133,2023-07-27,461,2,3,141.07,423.21,marketplace
134,2023-08-07,312,4,5,31.28,156.4,online
135,2024-05-06,21,9,5,3299.36,16496.79,online
136,2024-04-01,7,11,2,364.32,728.64,loja
137,2024-03-03,400,9,1,54.39,54.39,loja
138,2023-08-10,136,8,1,98.26,98.26,loja
139,2023-05-12,411,11,1,30.46,30.46,online
140,2023-01-28,71,11,4,62.77,251.08,loja
141,2024-12-03,191,14,3,249.89,749.68,online
142,2024-05-27,198,12,2,35.99,71.98,online
143,2023-02-05,357,12,4,25.23,100.92,loja
144,2024-10-22,225,3,2,60.32,120.63,marketplace
145,2023-11-27,373,15,4,173.84,695.36,loja
146,2024-08-02,33,5,4,58.07,232.28,online
147,2023-11-28,174,9,1,389.87,389.87,marketplace
148,2023-08-12,340,11,5,37.27,186.35,online
149,2023-01-21,479,3,2,69.5,139.0,marketplace
150,2023-02-25,252,6,4,80.4,321.58,loja
151,2023-09-21,194,7,3,29.06,87.18,loja
152,2024-02-28,256,8,1,588.12,588.12,online
153,2023-02-13,212,1,1,1299.75,1299.75,marketplace
154,2024-09-18,106,11,5,110.77,553.85,online
155,2023-08-11,287,13,3,209.0,627.0,marketplace
156,2024-12-15,59,2,5,1299.72,6498.58,loja
157,2024-09-17,192,12,1,101.33,101.33,loja
158,2023-12-24,370,7,1,32.8,32.8,loja
159,2023-07-07,235,14,3,220.1,660.29,loja
160,2023-11-27,345,10,3,50.21,150.63,loja
161,2023-08-01,272,12,4,862.17,3448.68,loja
162,2024-09-25,472,15,5,98.43,492.16,loja
163,2023-02-13,337,10,5,662.1,3310.5,marketplace
164,2024-10-23,391,4,3,398.12,1194.36,online
165,2024-03-05,212,10,4,249.97,999.88,marketplace
166,2024-12-24,479,9,3,62.02,186.06,loja
167,2024-11-12,472,11,2,2066.65,4133.3,loja
168,2024-12-04,390,6,2,449.54,899.08,marketplace
169,2024-11-24,458,14,4,134.07,536.28,marketplace
170,2023-09-04,13,7,3,86.09,258.27,loja
171,2024-03-10,350,5,1,25.96,25.96,loja
172,2023-09-02,184,14,1,309.43,309.43,online
173,2023-12-21,288,7,1,193.52,193.52,loja
174,2024-12-22,25,15,5,449.8,2248.98,online
175,2024-09-02,7,12,4,526.1,2104.4,online
176,2024-04-21,361,12,2,193.68,387.36,online
177,2023-12-07,151,8,5,449.74,2248.69,loja
178,2023-07-02,220,5,1,866.02,866.02,marketplace
179,2024-01-11,239,12,3,161.46,484.38,loja
180,2023-11-20,432,11,1,899.93,899.93,online
181,2024-02-26,363,6,4,265.68,1062.72,marketplace
182,2023-07-18,275,7,2,477.61,955.22,loja
183,2024-06-12,151,4,3,3299.88,9899.65,marketplace
184,2023-02-22,178,8,5,1294.69,6473.45,loja
185,2023-11-11,196,15,5,68.45,342.25,loja
186,2024-01-17,421,13,4,200.44,801.76,online
187,2024-01-10,460,11,5,238.25,1191.25,loja
188,2023-03-25,276,9,3,55.33,165.99,loja
189,2023-11-14,428,2,1,3299.67,3299.67,loja
190,2024-11-27,482,2,5,62.09,310.45,loja
191,2023-02-03,28,3,1,936.87,936.87,online
192,2023-05-14,199,8,5,60.47,302.37,online
193,2023-09-01,329,12,4,23.87,95.48,marketplace
194,2023-12-28,38,6,1,340.01,340.01,marketplace
195,2024-10-03,145,13,1,200.69,200.69,online
196,2023-08-06,274,4,4,454.9,1819.6,loja
197,2024-11-05,153,11,4,362.12,1448.48,online
198,2023-02-02,3,10,1,449.87,449.87,marketplace
199,2023-05-07,384,12,4,254.89,1019.56,online
200,2023-03-06,114,10,2,499.08,998.16,online
201,2023-09-15,331,9,2,60.08,120.16,loja
202,2023-04-24,298,8,3,20.4,61.2,online
203,2023-02-10,318,2,3,610.07,1830.21,loja
204,2024-12-19,79,10,3,1299.45,3898.35,marketplace
205,2024-03-01,161,4,3,155.71,467.13,loja
206,2023-11-24,170,15,4,171.14,684.56,online
207,2024-08-18,56,3,4,1299.36,5197.43,marketplace
208,2023-09-07,135,12,1,36.81,36.81,loja
209,2023-10-19,208,13,1,21.45,21.45,marketplace
210,2024-09-18,242,11,2,98.04,196.07,loja
211,2024-03-15,257,9,3,138.13,414.39,loja
212,2023-10-22,85,13,4,135.0,540.0,marketplace
213,2023-12-24,248,6,2,1299.16,2598.32,loja
214,2023-05-12,120,1,2,229.2,458.4,loja
215,2024-08-15,452,1,5,81.73,408.65,loja
216,2024-12-09,297,9,3,60.6,181.81,marketplace
217,2024-10-21,460,14,2,365.79,731.58,loja
218,2023-09-13,181,14,5,87.7,438.5,online
219,2023-09-05,226,3,4,449.48,1797.93,loja
220,2023-03-06,81,6,1,296.05,296.05,marketplace
221,2024-12-04,247,11,1,21.36,21.36,online
222,2024-01-08,23,3,4,3299.59,13198.36,marketplace
223,2023-10-05,29,3,5,138.42,692.1,online
224,2023-12-24,339,14,2,431.08,862.16,online
225,2024-08-06,113,14,1,3299.45,3299.45,online
226,2023-10-22,262,5,5,718.47,3592.35,loja
227,2023-04-13,198,3,3,55.37,166.11,loja
228,2024-03-20,50,3,1,3299.52,3299.52,online
229,2023-02-16,338,3,5,27.8,139.0,marketplace
230,2024-09-14,190,14,5,20.07,100.35,loja
231,2024-07-12,302,13,5,549.23,2746.15,marketplace
232,2024-04-28,43,5,1,90.82,90.82,marketplace
233,2023-12-24,405,1,5,156.38,781.9,marketplace
234,2024-11-07,353,13,5,60.42,302.1,online
235,2024-11-19,130,5,4,44.41,177.64,marketplace
236,2024-11-13,387,4,4,93.09,372.36,online
237,2023-06-18,285,8,5,449.56,2247.79,online
238,2024-12-05,438,14,3,88.84,266.52,loja
239,2023-02-07,261,7,2,1021.6,2043.2,online
240,2023-03-13,494,11,5,220.6,1102.99,loja
241,2024-02-03,135,4,1,28.71,28.71,online
242,2024-07-20,336,9,1,27.55,27.55,online
243,2023-11-16,225,1,5,130.85,654.23,loja
244,2023-10-06,346,1,5,55.03,275.15,online
245,2023-02-09,400,7,2,20.0,40.0,online
246,2023-12-23,36,15,4,549.59,2198.34,loja
247,2024-06-27,142,4,5,150.63,753.15,marketplace
248,2023-05-06,209,9,2,1209.1,2418.2,loja
249,2024-02-26,263,5,5,60.4,302.02,marketplace
250,2024-10-16,395,4,5,144.89,724.45,online
251,2023-08-04,133,2,4,22.72,90.88,online
252,2024-07-12,265,9,2,26.6,53.2,loja
253,2024-11-24,421,6,3,962.02,2886.06,loja
254,2024-06-07,458,10,5,33.92,169.6,online
255,2023-08-24,103,4,2,389.68,779.37,loja
256,2023-10-12,80,13,3,771.57,2314.71,loja
257,2024-10-01,392,14,1,26.12,26.12,marketplace
258,2024-08-19,445,5,1,80.38,80.38,online
259,2024-07-08,385,10,2,412.97,825.94,loja
260,2024-09-02,258,6,1,362.89,362.89,online
261,2024-06-23,5,1,2,1299.98,2599.95,loja
262,2024-10-28,133,3,4,40.14,160.56,marketplace
263,2024-06-06,256,7,3,903.39,2710.17,loja
264,2024-07-09,231,3,4,389.75,1559.01,marketplace
265,2023-12-09,412,4,2,157.13,314.26,marketplace
266,2023-12-05,243,13,4,42.81,171.24,loja
267,2024-08-10,129,9,2,549.5,1099.0,marketplace
268,2023-01-07,417,5,1,72.36,72.36,online
269,2024-06-12,287,9,1,972.33,972.33,online
270,2024-11-20,102,10,3,130.31,390.94,marketplace
271,2024-06-11,345,9,5,880.87,4404.35,online
272,2024-08-21,490,3,4,26.12,104.48,loja
273,2024-02-03,83,6,3,549.63,1648.89,loja
274,2024-10-21,203,5,3,169.54,508.62,online
275,2024-07-06,95,14,3,236.57,709.71,loja
276,2024-12-23,384,2,2,389.23,778.47,loja
277,2023-08-18,28,1,2,74.49,148.98,online
278,2023-05-20,80,2,5,447.29,2236.45,online
279,2024-08-21,65,3,3,3299.25,9897.74,marketplace
280,2024-06-28,244,8,2,23.86,47.72,marketplace
281,2023-10-20,234,11,3,210.84,632.52,marketplace
282,2024-06-16,277,4,4,449.64,1798.56,loja
283,2024-03-10,6,1,4,85.8,343.2,marketplace
284,2023-12-16,485,13,2,85.67,171.34,online
285,2024-10-08,408,1,3,130.67,392.0,marketplace
286,2024-07-08,84,12,3,1370.08,4110.24,online
287,2024-11-08,265,13,4,882.31,3529.24,marketplace
288,2024-07-07,437,2,3,200.55,601.65,loja
289,2024-10-15,140,12,2,39.85,79.7,marketplace
290,2023-01-18,12,3,4,1071.39,4285.56,loja
291,2024-12-01,120,2,3,200.03,600.08,loja
292,2024-05-26,410,8,1,297.78,297.78,online
293,2024-02-27,385,3,4,312.04,1248.16,loja
294,2024-03-07,459,14,3,449.39,1348.18,online
295,2023-07-25,500,8,4,20.76,83.04,loja
296,2023-09-22,107,8,1,1531.08,1531.08,online
297,2023-12-18,267,2,3,98.32,294.97,online
298,2024-01-28,342,4,4,21.76,87.04,loja
299,2023-03-26,142,10,2,22.56,45.12,loja
300,2023-10-26,354,8,4,449.24,1796.97,marketplace
301,2023-03-16,47,11,2,196.51,393.02,marketplace
302,2023-01-12,331,3,3,95.63,286.89,marketplace
303,2024-09-26,331,13,1,899.49,899.49,online
304,2024-06-24,69,5,4,91.2,364.8,loja
305,2024-09-23,251,4,4,181.44,725.76,marketplace
306,2024-05-28,426,10,2,449.35,898.7,marketplace
307,2024-05-27,135,9,2,41.19,82.38,online
308,2024-12-06,453,1,4,105.27,421.08,marketplace
309,2024-12-03,338,9,3,449.62,1348.86,online
310,2023-10-10,166,7,2,313.1,626.2,online
311,2023-01-27,481,3,1,40.88,40.88,loja
312,2023-02-02,293,11,1,3299.11,3299.11,online
313,2024-01-12,114,10,4,287.68,1150.72,loja
314,2024-02-15,411,11,1,91.84,91.84,loja
315,2024-06-26,363,1,3,449.74,1349.23,marketplace
316,2023-05-03,484,4,3,37.44,112.32,marketplace
317,2024-04-07,270,11,1,48.93,48.93,loja
318,2024-12-04,393,11,5,26.85,134.24,marketplace
319,2024-02-06,406,3,3,22.71,68.13,marketplace
320,2023-09-20,227,15,4,164.79,659.16,online
321,2024-06-14,392,11,3,449.99,1349.97,online
322,2023-07-25,282,15,3,68.12,204.36,online
323,2024-01-24,18,5,3,592.35,1777.05,marketplace
324,2024-01-10,114,4,1,449.14,449.14,online
325,2024-09-17,285,10,1,372.61,372.61,marketplace
326,2024-03-05,136,6,2,21.51,43.02,marketplace
327,2024-02-19,205,10,2,3299.26,6598.51,loja
328,2024-03-16,423,15,1,139.81,139.81,marketplace
329,2023-12-26,296,7,1,148.39,148.39,loja
330,2024-07-14,477,14,1,98.77,98.77,loja
331,2023-11-25,324,7,2,260.88,521.76,loja
332,2023-06-17,358,4,3,37.67,113.01,loja
333,2024-08-25,305,10,1,26.63,26.63,marketplace
334,2024-03-05,173,2,1,1436.32,1436.32,online
335,2024-05-03,205,9,5,38.2,191.0,online
336,2023-08-13,334,10,2,449.13,898.27,loja
337,2023-04-03,137,13,5,219.32,1096.6,online
338,2023-02-22,212,7,3,25.45,76.35,online
339,2023-05-06,180,10,3,3299.32,9897.96,online
340,2023-04-22,192,3,5,407.17,2035.85,loja
341,2023-05-01,176,12,1,40.12,40.12,loja
342,2024-04-24,276,4,3,1299.47,3898.41,loja
343,2024-10-24,73,12,5,341.9,1709.5,loja
344,2023-05-06,31,5,4,201.12,804.48,loja
345,2023-02-13,339,5,5,199.95,999.77,online
346,2024-04-13,261,12,1,52.15,52.15,loja
347,2023-03-07,257,8,3,1128.6,3385.8,marketplace
348,2024-06-16,202,12,1,130.15,130.15,loja
349,2024-11-10,121,9,1,176.71,176.71,online
350,2024-01-18,486,5,1,21.52,21.52,loja
351,2023-02-24,196,9,2,249.9,499.79,marketplace
352,2023-07-10,466,10,2,147.15,294.3,online
353,2023-10-18,351,13,4,76.53,306.12,loja
354,2023-07-25,75,11,2,200.59,401.18,marketplace
355,2023-03-11,430,15,2,35.53,71.06,loja
356,2024-07-10,227,12,1,156.72,156.72,online
357,2023-03-01,391,10,2,449.19,898.38,marketplace
358,2023-10-08,119,11,3,133.35,400.05,loja
359,2024-03-17,434,10,3,47.46,142.38,online
360,2024-08-05,84,4,3,899.85,2699.56,loja
361,2023-05-14,114,12,1,424.44,424.44,loja
362,2024-10-16,353,6,2,27.07,54.14,online
363,2023-10-24,423,7,2,549.4,1098.81,online
364,2023-09-04,232,8,4,207.73,830.92,loja
365,2023-09-13,265,13,2,250.75,501.5,loja
366,2024-05-15,86,7,2,200.34,400.68,online
367,2023-08-27,331,8,5,24.25,121.25,loja
368,2023-07-14,166,8,5,27.17,135.85,loja
369,2023-08-03,129,6,2,1299.59,2599.18,loja
370,2024-11-12,44,9,1,24.56,24.56,online
371,2024-09-13,23,13,5,209.86,1049.3,loja
372,2023-03-28,75,3,3,220.77,662.31,loja
373,2024-05-21,93,2,4,75.68,302.72,loja
374,2024-01-15,255,14,2,88.42,176.84,online
375,2024-04-07,302,11,5,449.01,2245.03,online
376,2023-04-18,143,10,4,253.75,1015.0,marketplace
377,2023-11-12,19,3,2,40.31,80.62,loja
378,2024-02-02,56,7,5,80.5,402.52,loja
379,2023-08-24,297,6,2,21.68,43.36,loja
380,2024-07-27,35,13,1,148.4,148.4,online
381,2023-02-23,441,5,5,60.19,300.96,online
382,2023-10-02,56,10,5,297.54,1487.7,marketplace
383,2024-07-20,435,6,1,946.09,946.09,online
384,2024-03-20,289,8,5,220.9,1104.48,marketplace
385,2023-12-10,100,1,4,1053.41,4213.64,loja
386,2023-12-28,107,13,1,819.96,819.96,marketplace
387,2024-09-26,327,4,4,549.05,2196.18,loja
388,2023-05-10,260,9,2,123.92,247.84,online
389,2024-07-24,292,10,1,47.36,47.36,loja
390,2024-11-16,470,8,2,3299.33,6598.66,loja
391,2024-09-11,237,13,2,218.74,437.48,online
392,2024-09-18,10,4,1,51.21,51.21,marketplace
393,2024-02-05,144,14,3,449.92,1349.75,loja
394,2023-10-20,200,3,3,351.42,1054.26,marketplace
395,2024-12-28,162,12,1,66.86,66.86,loja
396,2023-06-15,425,5,3,549.09,1647.26,loja
397,2024-01-25,104,15,5,51.48,257.4,loja
398,2024-09-05,98,6,4,30.7,122.8,online
399,2023-02-27,481,9,5,200.68,1003.38,loja
400,2024-12-28,268,2,2,33.49,66.98,loja
401,2023-06-15,456,1,3,23.43,70.29,loja
402,2024-01-19,389,5,5,449.66,2248.29,loja
403,2024-09-11,396,8,3,651.36,1954.08,loja
404,2023-01-20,287,9,3,158.44,475.32,loja
405,2024-05-05,483,12,2,449.35,898.7,online
406,2024-10-11,277,8,5,581.61,2908.05,loja
407,2023-02-13,28,2,2,71.73,143.46,online
408,2024-10-12,160,6,4,899.7,3598.82,loja
409,2024-10-05,48,14,5,58.85,294.25,online
410,2024-08-08,486,4,1,416.99,416.99,loja
411,2024-03-23,470,11,5,200.81,1004.06,online
412,2023-08-04,180,8,3,643.52,1930.56,online
413,2023-09-04,208,14,2,158.15,316.3,loja
414,2024-09-15,206,10,3,449.65,1348.95,online
415,2023-08-13,34,6,2,68.71,137.42,loja
416,2024-10-26,176,9,5,434.9,2174.5,loja
417,2024-02-19,306,8,2,26.57,53.14,online
418,2023-05-13,36,10,5,52.8,264.0,loja
419,2024-08-21,339,1,5,371.72,1858.6,loja
420,2023-03-22,77,8,2,80.04,160.08,marketplace
421,2024-04-07,349,15,3,345.64,1036.92,online
422,2024-07-23,469,6,3,178.79,536.37,loja
423,2024-03-28,151,1,5,130.51,652.56,online
424,2024-02-28,145,14,5,20.09,100.45,loja
425,2024-11-11,365,7,2,391.48,782.96,online
426,2023-08-05,97,9,4,549.55,2198.18,online
427,2024-11-05,69,1,3,44.99,134.97,loja
428,2024-11-14,500,3,1,654.06,654.06,loja
429,2024-12-20,477,7,2,26.71,53.41,marketplace
430,2024-07-12,116,3,2,671.54,1343.08,online
431,2023-12-17,138,7,5,83.52,417.6,marketplace
432,2023-10-16,361,6,5,249.03,1245.17,loja
433,2023-03-24,375,9,5,1250.06,6250.3,online
434,2023-04-16,323,12,4,53.56,214.24,loja
435,2023-06-18,399,1,5,449.58,2247.9,online
436,2024-07-12,492,13,4,408.7,1634.8,online
437,2024-12-26,289,5,3,51.05,153.15,loja
438,2023-11-10,415,12,4,220.07,880.28,marketplace
439,2023-09-03,436,13,1,107.21,107.21,online
440,2024-05-01,380,2,3,561.29,1683.87,marketplace
441,2023-11-15,190,13,2,98.59,197.18,loja
442,2024-03-26,271,14,3,320.63,961.89,loja
443,2023-08-25,212,13,3,58.6,175.8,online
444,2023-04-19,376,14,2,26.34,52.68,online
445,2023-01-06,238,7,1,21.56,21.56,online
446,2023-07-22,362,7,3,974.33,2922.99,online
447,2024-01-10,475,13,3,899.53,2698.59,online
448,2023-02-18,327,6,4,21.86,87.44,online
449,2024-06-09,137,13,5,70.86,354.3,loja
450,2024-11-24,124,12,3,26.48,79.45,marketplace
451,2023-06-18,6,11,2,164.75,329.5,loja
452,2023-11-15,180,4,1,65.2,65.2,online
453,2023-01-20,337,15,3,3299.03,9897.1,loja
454,2023-02-28,310,3,5,20.72,103.6,online
455,2023-12-06,130,5,5,434.91,2174.55,online
456,2024-07-23,463,11,1,26.35,26.35,online
457,2024-01-13,199,6,3,706.26,2118.78,loja
458,2024-02-16,476,4,3,35.85,107.55,marketplace
459,2023-03-18,394,7,4,899.65,3598.58,loja
460,2024-12-09,53,1,5,20.63,103.15,loja
461,2024-01-16,77,11,1,165.44,165.44,loja
462,2023-12-11,464,7,1,26.29,26.29,marketplace
463,2024-08-14,207,14,1,323.56,323.56,loja
464,2024-02-19,275,15,5,30.84,154.2,online
465,2023-11-21,47,6,3,26.2,78.61,marketplace
466,2024-11-07,91,9,3,53.56,160.68,loja
467,2024-02-21,353,6,4,21.13,84.52,online
468,2023-03-02,99,1,1,98.63,98.63,marketplace
469,2024-08-18,495,14,2,517.23,1034.46,online
470,2024-12-02,208,2,1,57.29,57.29,loja
471,2023-12-19,120,15,5,1299.94,6499.7,loja
472,2023-08-20,24,4,1,72.25,72.25,loja
473,2024-02-15,313,3,1,576.11,576.11,marketplace
474,2023-08-20,410,10,1,80.72,80.72,loja
475,2024-12-22,206,6,1,106.93,106.93,loja
476,2023-01-19,89,6,5,78.91,394.55,loja
477,2024-03-23,190,9,1,200.04,200.04,loja
478,2023-03-04,406,14,4,3055.29,12221.16,marketplace
479,2024-02-01,4,3,4,87.68,350.72,loja
480,2024-12-05,106,3,5,98.28,491.42,online
481,2023-10-23,20,10,5,546.99,2734.95,loja
482,2024-06-14,3,9,4,209.96,839.84,loja
483,2023-10-12,442,13,2,60.89,121.77,marketplace
484,2023-05-02,100,2,5,1542.16,7710.8,loja
485,2023-01-21,187,5,4,245.52,982.08,loja
486,2024-01-04,380,1,4,200.23,800.94,marketplace
487,2024-09-04,37,15,2,710.45,1420.9,loja
488,2024-04-24,347,15,4,135.89,543.56,online
489,2023-02-08,378,7,2,449.11,898.22,loja
490,2024-10-16,28,15,4,37.21,148.84,online
491,2024-03-13,192,3,2,3062.54,6125.08,online
492,2024-04-11,66,1,2,26.26,52.52,marketplace
493,2024-08-14,88,13,1,44.56,44.56,online
494,2023-11-20,464,3,2,43.02,86.04,marketplace
495,2024-09-16,442,4,5,80.13,400.65,marketplace
496,2023-12-14,377,14,4,47.72,190.88,loja
497,2023-10-05,468,10,2,119.44,238.88,loja
498,2024-12-25,259,1,4,129.94,519.76,online
499,2023-08-16,124,2,5,273.53,1367.65,marketplace
500,2023-03-12,152,4,1,290.03,290.03,loja
501,2023-12-15,440,10,1,1299.67,1299.67,marketplace
502,2023-12-13,95,13,1,613.15,613.15,online
503,2023-07-23,171,9,4,253.73,1014.92,loja
504,2023-11-03,318,15,3,549.75,1649.26,online
505,2024-01-04,197,6,1,425.54,425.54,online
506,2023-11-18,361,2,5,60.18,300.9,marketplace
507,2023-09-04,333,8,2,899.98,1799.96,marketplace
508,2023-06-12,460,5,2,339.61,679.22,marketplace
509,2024-06-15,249,9,4,29.8,119.2,marketplace
510,2024-08-20,189,13,1,1299.71,1299.71,loja
511,2023-02-13,460,3,2,88.95,177.9,online
512,2023-12-05,255,3,1,26.57,26.57,loja
513,2024-11-18,478,3,5,25.92,129.61,online
514,2023-05-07,33,1,3,254.8,764.4,loja
515,2024-11-21,403,6,5,21.98,109.9,online
516,2024-08-10,291,3,5,26.6,132.98,online
517,2024-06-10,395,14,2,131.54,263.08,loja
518,2023-10-06,365,9,2,85.12,170.24,online
519,2023-03-08,60,1,2,899.84,1799.68,online
520,2024-03-07,288,12,5,407.54,2037.7,loja
521,2024-09-06,274,5,3,53.88,161.64,loja
522,2023-08-11,80,1,1,549.93,549.93,marketplace
523,2024-08-10,497,13,5,168.22,841.1,marketplace
524,2024-06-23,58,12,2,262.48,524.96,online
525,2023-05-01,206,10,1,899.68,899.68,loja
526,2023-10-21,100,10,4,41.18,164.72,marketplace
527,2024-04-01,43,9,2,421.4,842.8,online
528,2024-06-20,310,9,1,449.39,449.39,loja
529,2024-06-13,191,1,3,98.26,294.78,online
530,2024-09-03,111,12,3,90.55,271.65,online
531,2023-12-14,374,15,4,449.44,1797.77,online
532,2023-03-07,156,8,2,55.17,110.34,marketplace
533,2024-02-01,210,11,3,57.23,171.69,online
534,2023-04-06,427,7,4,899.56,3598.22,online
535,2024-10-10,253,9,5,74.02,370.1,online
536,2023-05-10,490,11,2,106.96,213.92,online
537,2024-07-06,252,15,1,26.57,26.57,loja
538,2024-02-20,382,6,1,50.51,50.51,marketplace
539,2024-11-22,244,12,4,107.17,428.68,loja
540,2023-05-06,298,1,3,449.73,1349.2,loja
541,2023-06-06,28,5,3,1143.37,3430.11,online
542,2024-01-10,150,9,4,25.38,101.52,loja
543,2023-02-20,386,3,5,3299.77,16498.83,marketplace
544,2024-05-22,358,12,3,38.94,116.82,online
545,2023-01-05,266,5,1,268.84,268.84,online
546,2023-02-07,80,9,4,549.34,2197.36,loja
547,2023-07-15,470,2,2,404.84,809.68,loja
548,2024-05-23,186,3,2,21.36,42.72,online
549,2024-03-23,156,1,5,449.76,2248.82,loja
550,2023-12-08,158,3,2,773.14,1546.28,loja
551,2023-02-01,397,8,2,36.95,73.9,online
552,2023-08-04,466,5,1,3299.11,3299.11,loja
553,2023-02-20,106,10,1,140.1,140.1,loja
554,2023-03-28,383,5,2,22.07,44.14,marketplace
555,2023-09-19,35,2,3,249.16,747.48,marketplace
556,2023-05-06,462,13,1,113.09,113.09,marketplace
557,2023-09-28,363,8,1,56.42,56.42,online
558,2023-03-27,182,7,5,899.44,4497.2,online
559,2023-06-04,239,2,2,117.62,235.24,marketplace
560,2024-09-24,21,2,2,994.95,1989.9,online
561,2024-10-24,160,11,4,60.28,241.14,online
562,2024-04-28,36,15,2,194.72,389.44,online
563,2024-11-04,203,8,3,31.24,93.72,marketplace
564,2024-12-19,53,12,1,60.04,60.04,loja
565,2024-04-20,433,7,1,243.32,243.32,loja
566,2024-05-25,366,13,2,45.44,90.88,marketplace
567,2024-06-16,342,10,5,200.66,1003.28,online
568,2024-02-04,129,8,4,139.64,558.56,online
569,2023-02-24,28,14,2,25.56,51.12,loja
570,2023-07-20,348,6,4,25.93,103.71,loja
571,2023-11-25,267,13,3,144.58,433.74,online
572,2024-08-17,134,9,4,982.59,3930.36,online
573,2023-07-04,197,8,5,449.02,2245.09,online
574,2023-03-18,338,14,4,607.9,2431.6,online
575,2024-12-13,250,13,2,570.84,1141.68,loja
576,2024-08-18,438,3,5,26.39,131.95,marketplace
577,2024-10-22,181,13,1,159.33,159.33,online
578,2023-03-27,188,6,3,23.09,69.27,marketplace
579,2024-07-04,220,6,1,449.89,449.89,online
580,2023-04-08,332,5,4,32.93,131.72,marketplace
581,2024-02-11,87,1,1,73.66,73.66,marketplace
582,2024-10-17,462,7,3,130.36,391.08,online
583,2023-06-13,293,7,1,193.32,193.32,online
584,2023-12-22,106,6,5,52.25,261.25,online
585,2024-03-20,154,6,5,449.76,2248.82,online
586,2023-09-07,148,5,2,832.73,1665.46,loja
587,2023-10-24,491,2,3,100.37,301.11,marketplace
588,2023-10-26,272,8,1,220.24,220.24,online
589,2024-09-26,154,7,2,202.2,404.4,marketplace
590,2024-10-17,233,11,3,1378.54,4135.62,marketplace
591,2023-10-16,110,11,2,98.02,196.04,online
592,2024-10-24,321,1,3,69.76,209.28,marketplace
593,2023-03-24,351,13,2,125.91,251.82,online
594,2023-11-07,434,7,4,549.32,2197.27,online
595,2023-07-08,59,3,3,20.95,62.85,loja
596,2024-08-16,287,7,1,2633.51,2633.51,online
597,2023-01-09,405,13,1,3299.16,3299.16,online
598,2023-12-16,401,1,5,586.33,2931.65,loja
599,2023-07-12,344,11,1,157.77,157.77,loja
600,2023-04-04,293,12,4,80.62,322.5,marketplace
601,2024-08-03,122,10,1,304.95,304.95,loja
602,2024-12-24,121,15,3,210.6,631.8,online
603,2023-05-15,210,5,2,899.11,1798.21,marketplace
604,2023-06-18,217,8,1,702.31,702.31,loja
605,2023-06-16,367,6,3,81.17,243.51,online
606,2023-12-22,410,1,1,26.87,26.87,loja
607,2024-11-04,274,14,3,185.03,555.09,loja
608,2024-05-10,47,15,4,24.16,96.64,loja
609,2023-08-21,163,15,3,3299.86,9899.58,online
610,2024-08-24,212,15,1,175.87,175.87,online
611,2023-03-23,134,9,4,91.65,366.6,loja
612,2024-08-23,15,13,3,549.6,1648.81,loja
613,2023-01-13,103,11,2,22.62,45.24,online
614,2023-04-17,366,13,3,36.44,109.32,loja
615,2024-08-16,448,12,5,26.31,131.55,loja
616,2024-05-07,44,7,3,624.28,1872.84,online
617,2023-01-01,473,9,2,483.61,967.22,marketplace
618,2024-04-09,360,14,2,98.09,196.18,loja
619,2024-03-03,491,6,1,346.92,346.92,loja
620,2024-08-27,345,8,5,20.56,102.8,loja
621,2024-05-24,254,7,2,389.2,778.41,loja
622,2023-05-24,347,4,4,32.38,129.52,online
623,2023-05-09,121,10,2,439.21,878.42,online
624,2024-02-01,241,3,2,249.58,499.17,online
625,2024-12-14,377,10,4,21.25,85.0,online
626,2023-06-08,242,15,1,42.22,42.22,online
627,2023-01-09,259,10,5,26.87,134.34,online
628,2023-09-02,298,3,3,375.1,1125.3,online
629,2024-08-05,46,6,2,231.43,462.86,marketplace
630,2024-01-05,256,14,4,899.26,3597.04,online
631,2024-10-27,390,15,3,53.55,160.65,online
632,2023-06-24,252,13,5,119.79,598.95,loja
633,2024-01-07,77,1,5,80.82,404.11,loja
634,2023-12-15,224,2,2,71.68,143.36,online
635,2024-08-16,58,14,1,475.99,475.99,loja
636,2024-03-27,87,12,1,249.09,249.09,marketplace
637,2023-10-01,270,13,3,198.09,594.27,marketplace
638,2023-08-22,49,15,2,506.9,1013.8,online
639,2023-07-12,303,15,1,200.58,200.58,loja
640,2024-12-22,246,8,3,45.38,136.14,online
641,2023-11-20,487,8,5,20.03,100.15,online
642,2023-11-10,166,13,5,899.21,4496.06,loja
643,2024-02-13,131,3,1,428.37,428.37,loja
644,2023-03-13,400,7,4,20.82,83.28,online
645,2024-12-26,472,5,2,60.2,120.4,marketplace
646,2024-09-07,251,8,2,172.4,344.8,online
647,2024-02-25,217,13,4,121.29,485.16,online
648,2024-02-02,263,6,5,899.43,4497.17,online
649,2023-08-17,323,11,2,24.05,48.1,marketplace
650,2023-08-10,77,3,1,104.23,104.23,online
651,2023-09-03,470,1,2,449.43,898.86,marketplace
652,2023-08-22,369,10,1,202.29,202.29,online
653,2023-02-24,339,8,3,125.34,376.02,loja
654,2023-07-23,153,6,2,80.29,160.59,marketplace
655,2024-06-28,415,3,4,307.54,1230.16,loja
656,2024-11-04,223,9,2,49.81,99.62,loja
657,2023-11-16,236,12,1,549.12,549.12,online
658,2024-12-22,494,12,5,199.6,998.0,online
659,2023-04-04,418,1,3,24.99,74.97,loja
660,2023-11-08,224,14,1,3299.48,3299.48,marketplace
661,2024-03-16,217,1,2,32.01,64.02,loja
662,2024-08-16,11,14,2,31.89,63.78,online
663,2024-01-11,5,2,5,3299.2,16496.01,online
664,2024-01-16,205,8,4,49.69,198.76,marketplace
665,2024-04-23,32,9,5,245.64,1228.2,loja
666,2023-05-21,214,15,4,220.22,880.86,online
667,2024-08-23,224,1,1,816.43,816.43,loja
668,2024-08-08,260,4,3,90.92,272.76,marketplace
669,2024-03-10,371,12,3,98.6,295.81,online
670,2024-08-26,498,14,4,76.38,305.52,loja
671,2023-11-16,67,3,5,946.18,4730.9,loja
672,2024-08-10,121,4,2,220.39,440.78,marketplace
673,2024-06-22,82,3,1,59.43,59.43,marketplace
674,2024-02-20,117,2,1,47.31,47.31,marketplace
675,2024-06-25,24,13,2,1299.26,2598.52,marketplace
676,2023-12-02,475,8,3,31.79,95.37,online
677,2023-09-02,260,2,1,51.19,51.19,loja
678,2024-03-24,150,12,1,80.11,80.11,online
679,2023-03-21,187,6,5,956.93,4784.65,loja
680,2024-01-08,428,13,1,32.09,32.09,online
681,2023-05-12,367,13,3,200.41,601.22,online
682,2023-09-14,404,4,3,23.92,71.76,loja
683,2024-09-26,350,6,4,505.63,2022.52,loja
684,2023-02-11,162,7,4,899.77,3599.08,loja
685,2023-11-21,78,15,4,63.22,252.88,marketplace
686,2024-07-13,454,11,1,25.78,25.78,marketplace
687,2024-01-27,144,15,3,389.74,1169.23,marketplace
688,2024-08-21,106,15,5,31.46,157.3,marketplace
689,2024-12-12,455,13,5,285.2,1426.0,online
690,2023-09-11,200,12,2,98.3,196.6,loja
691,2023-09-18,160,9,5,141.81,709.05,online
692,2024-04-27,397,5,2,23.07,46.14,online
693,2024-05-21,260,6,5,60.63,303.16,loja
694,2023-08-10,294,12,1,299.26,299.26,loja
695,2023-06-10,146,11,4,245.1,980.4,marketplace
696,2023-02-11,265,10,2,389.38,778.76,loja
697,2024-07-03,48,1,3,145.33,435.99,online
698,2023-06-22,270,7,2,294.71,589.42,marketplace
699,2024-10-16,326,7,5,449.78,2248.89,online
700,2023-03-17,66,8,4,379.14,1516.56,online
701,2023-12-07,234,8,2,209.37,418.74,loja
702,2023-10-28,210,2,2,449.37,898.74,loja
703,2023-02-12,157,6,3,77.89,233.67,online
704,2023-03-26,302,7,3,55.78,167.34,loja
705,2023-12-16,2,2,3,98.28,294.85,marketplace
706,2024-08-19,159,10,3,54.73,164.19,online
707,2023-03-17,326,8,3,181.86,545.58,online
708,2024-02-26,320,11,4,899.87,3599.47,marketplace
709,2024-06-18,24,11,4,143.16,572.64,online
710,2023-12-01,293,11,3,20.52,61.56,online
711,2023-04-20,278,10,5,26.02,130.12,loja
712,2024-09-01,62,11,5,101.25,506.25,marketplace
713,2023-04-27,362,14,2,50.22,100.44,marketplace
714,2024-07-19,24,8,4,60.71,242.83,loja
715,2023-09-11,196,5,3,115.49,346.47,loja
716,2024-03-06,131,13,1,41.62,41.62,loja
717,2023-01-20,493,6,2,200.85,401.7,loja
718,2024-02-11,73,7,1,41.59,41.59,online
719,2023-01-07,123,13,3,518.09,1554.27,marketplace
720,2024-02-09,32,6,5,3299.49,16497.46,online
721,2023-07-21,120,15,5,54.63,273.15,loja
722,2023-04-25,285,11,3,433.33,1299.99,loja
723,2023-11-17,105,13,3,220.31,660.92,loja
724,2023-09-14,493,15,3,442.7,1328.1,marketplace
725,2024-10-10,335,3,4,20.11,80.44,loja
726,2024-10-09,430,11,1,98.92,98.92,online
727,2024-01-06,379,9,3,57.87,173.61,marketplace
728,2023-03-24,285,5,1,36.14,36.14,online
729,2024-11-11,326,5,2,220.4,440.81,online
730,2024-06-07,236,10,3,2191.61,6574.83,online
731,2023-10-16,3,15,1,73.96,73.96,loja
732,2024-07-18,42,13,2,549.56,1099.11,loja
733,2024-11-04,181,14,5,118.09,590.45,online
734,2023-02-15,190,15,5,108.57,542.85,loja
735,2023-05-22,472,12,4,130.12,520.49,online
736,2024-12-08,120,8,2,52.57,105.14,online
737,2023-01-07,421,11,1,108.66,108.66,online
738,2024-03-18,100,11,1,80.18,80.18,marketplace
739,2023-12-03,66,5,5,55.09,275.45,marketplace
740,2024-04-28,348,1,2,60.8,121.6,marketplace
741,2024-01-14,329,11,5,200.58,1002.9,loja
742,2024-05-04,349,9,3,466.66,1399.98,online
743,2023-12-08,25,5,4,138.45,553.8,online
744,2024-04-11,42,15,5,1299.32,6496.58,marketplace
745,2024-02-08,101,3,1,103.26,103.26,online
746,2023-01-16,222,13,3,44.98,134.94,loja
747,2024-05-08,56,8,5,449.63,2248.13,loja
748,2024-09-26,122,2,3,23.26,69.78,marketplace
749,2024-10-04,44,1,5,997.28,4986.4,loja
750,2023-03-02,471,13,4,249.89,999.56,online
751,2024-02-04,347,1,1,129.87,129.87,marketplace
752,2024-02-20,386,7,1,172.9,172.9,loja
753,2023-08-13,238,13,5,449.66,2248.3,online
754,2023-08-17,169,10,5,40.25,201.25,loja
755,2023-10-26,431,4,1,20.49,20.49,marketplace
756,2024-07-16,372,10,2,26.41,52.82,online
757,2023-01-05,160,10,2,471.43,942.86,online
758,2024-10-18,398,3,5,24.45,122.25,loja
759,2024-06-01,266,10,4,200.5,802.01,loja
760,2023-07-12,101,4,1,1682.81,1682.81,loja
761,2024-12-23,240,10,1,63.36,63.36,online
762,2024-07-11,84,2,5,220.86,1104.32,online
763,2023-11-08,355,4,1,300.62,300.62,online
764,2024-12-13,106,7,5,803.74,4018.7,loja
765,2024-01-18,59,3,1,249.01,249.01,online
766,2024-01-01,102,4,4,2090.15,8360.6,online
767,2023-06-28,284,4,2,2923.17,5846.34,loja
768,2024-02-01,426,11,2,130.08,260.15,loja
769,2023-06-07,157,8,4,24.65,98.6,loja
770,2023-09-26,320,15,3,179.74,539.22,online
771,2023-04-07,273,7,1,60.04,60.04,online
772,2023-01-25,316,10,3,105.87,317.61,loja
773,2024-04-02,323,13,5,162.05,810.25,online
774,2024-04-24,42,13,2,80.41,160.82,online
775,2024-11-25,261,6,5,26.68,133.4,online
776,2024-09-23,248,12,5,248.94,1244.7,online
777,2023-04-08,459,4,4,200.48,801.92,online
778,2024-07-19,81,15,2,135.64,271.28,online
779,2023-05-15,266,6,3,56.36,169.08,loja
780,2024-07-15,240,7,5,130.37,651.83,online
781,2024-07-01,92,8,3,233.45,700.35,loja
782,2023-05-27,257,9,3,20.45,61.35,marketplace
783,2023-02-04,37,6,1,449.28,449.28,loja
784,2024-05-10,382,14,5,1114.39,5571.95,online
785,2023-12-24,279,15,2,242.89,485.78,online
786,2024-07-13,421,10,1,449.3,449.3,loja
787,2023-07-08,117,12,4,23.02,92.08,loja
788,2024-12-27,237,6,4,1711.39,6845.56,loja
789,2024-04-15,231,14,3,80.09,240.26,marketplace
790,2023-05-24,5,8,1,51.82,51.82,online
791,2024-12-18,154,6,3,1394.38,4183.14,marketplace
792,2023-03-11,291,11,1,220.69,220.69,marketplace
793,2024-04-13,33,9,5,193.3,966.5,online
794,2024-11-10,48,3,2,158.95,317.9,loja
795,2024-01-06,102,2,5,899.03,4495.16,online
796,2023-08-02,189,9,3,784.14,2352.42,loja
797,2024-07-06,57,3,2,216.87,433.74,marketplace
798,2024-04-05,446,4,4,1299.74,5198.97,online
799,2024-03-20,295,5,4,62.51,250.04,marketplace
800,2024-05-07,4,3,2,327.5,655.0,online
801,2023-09-11,467,10,1,80.3,80.3,online
802,2023-05-21,452,15,4,756.87,3027.48,online
803,2024-07-20,422,13,3,330.93,992.79,loja
804,2024-08-13,467,11,4,3299.18,13196.72,loja
805,2023-04-28,81,5,5,35.7,178.5,marketplace
806,2023-08-14,391,9,3,25.41,76.23,loja
807,2024-07-15,85,5,3,60.66,181.97,loja
808,2023-11-23,346,12,5,70.79,353.95,online
809,2023-07-02,6,5,4,190.82,763.28,loja
810,2024-08-15,35,2,2,249.67,499.34,marketplace
811,2023-08-27,143,14,2,370.56,741.12,loja
812,2023-03-10,64,9,2,21.08,42.16,online
813,2023-11-09,79,8,2,60.57,121.14,online
814,2023-08-23,25,14,2,2362.56,4725.12,marketplace
815,2024-01-20,3,1,1,385.19,385.19,online
816,2023-04-03,9,7,2,98.25,196.5,loja
817,2023-04-04,409,14,1,207.9,207.9,loja
818,2023-06-11,288,11,2,65.68,131.36,loja
819,2024-07-04,119,4,5,3299.93,16499.67,loja
820,2024-11-11,7,7,3,59.76,179.28,loja
821,2024-11-20,189,1,4,236.47,945.88,loja
822,2024-02-23,275,13,2,549.3,1098.6,marketplace
823,2024-11-23,199,11,2,192.53,385.06,loja
824,2024-11-16,35,6,3,578.48,1735.44,loja
825,2024-09-21,380,4,5,98.59,492.93,marketplace
826,2023-01-20,389,15,5,384.71,1923.55,loja
827,2023-10-03,31,3,3,2439.62,7318.86,online
828,2024-04-21,20,4,4,200.1,800.41,marketplace
829,2023-05-11,330,13,4,343.74,1374.96,loja
830,2024-01-08,434,12,5,439.38,2196.9,online
831,2023-11-08,411,11,3,3299.21,9897.62,loja
832,2024-03-15,323,1,5,42.85,214.25,loja
833,2023-11-05,481,4,4,58.05,232.2,loja
834,2023-04-17,41,7,1,899.59,899.59,online
835,2023-07-06,311,4,3,654.35,1963.05,online
836,2023-05-28,401,8,3,109.61,328.83,loja
837,2024-08-14,259,10,3,549.38,1648.13,online
838,2024-01-25,196,7,2,77.13,154.26,loja
839,2023-05-13,238,5,3,127.39,382.17,online
840,2024-02-11,70,12,3,549.56,1648.69,online
841,2023-01-28,257,12,2,825.28,1650.56,online
842,2024-12-12,197,8,4,509.69,2038.76,online
843,2023-02-13,478,10,5,60.31,301.54,loja
844,2024-12-12,261,12,2,207.17,414.34,online
845,2024-07-24,127,4,3,41.29,123.87,online
846,2023-12-22,331,3,1,98.81,98.81,online
847,2023-05-08,309,10,5,1227.72,6138.6,loja
848,2024-07-23,301,15,1,50.76,50.76,loja
849,2024-03-27,219,5,5,98.19,490.94,online
850,2024-10-10,376,7,5,302.49,1512.45,loja
851,2024-03-09,384,4,1,23.38,23.38,online
852,2024-01-04,36,13,3,130.89,392.66,online
853,2024-03-06,192,3,5,366.24,1831.2,loja
854,2023-08-19,417,4,2,252.76,505.52,loja
855,2023-05-28,210,8,2,130.65,261.3,marketplace
856,2023-05-03,194,2,1,58.12,58.12,online
857,2023-08-16,345,13,1,26.79,26.79,loja
858,2023-11-19,405,1,1,130.17,130.17,loja
859,2024-10-17,493,13,2,359.68,719.36,online
860,2024-06-12,350,15,4,988.09,3952.36,online
861,2024-11-13,194,10,3,80.14,240.42,loja
862,2023-01-15,446,12,3,39.78,119.34,online
863,2024-12-25,418,4,2,86.15,172.3,online
864,2024-09-14,339,4,4,220.59,882.34,loja
865,2023-12-11,348,8,3,89.65,268.95,loja
866,2023-06-14,481,15,5,531.81,2659.05,online
867,2023-12-05,446,9,1,389.38,389.38,marketplace
868,2023-05-27,345,9,5,34.05,170.25,online
869,2023-08-22,277,4,2,54.81,109.62,loja
870,2023-02-14,367,1,2,899.75,1799.51,loja
871,2024-04-24,132,11,3,49.91,149.73,online
872,2024-02-26,355,6,1,20.8,20.8,loja
873,2023-11-11,194,15,5,449.92,2249.62,online
874,2023-04-09,60,5,5,46.17,230.85,loja
875,2023-12-04,294,6,1,33.58,33.58,loja
876,2023-05-02,303,9,3,549.58,1648.73,loja
877,2024-11-26,65,9,4,189.09,756.36,marketplace
878,2023-09-28,236,6,5,369.5,1847.5,loja
879,2024-03-20,146,3,3,80.12,240.36,loja
880,2023-05-28,362,10,5,90.74,453.7,online
881,2024-01-26,171,3,2,392.82,785.64,loja
882,2023-08-24,201,5,2,389.74,779.47,loja
883,2024-11-16,179,13,1,188.29,188.29,online
884,2024-05-23,473,4,4,41.06,164.24,marketplace
885,2023-12-10,235,11,4,60.03,240.12,loja
886,2024-05-05,108,4,5,408.42,2042.1,loja
887,2023-11-26,440,3,1,186.24,186.24,online
888,2023-02-12,499,8,4,26.74,106.97,loja
889,2024-10-14,497,3,1,59.11,59.11,online
890,2024-08-10,353,10,2,33.06,66.12,loja
891,2023-08-28,419,11,4,449.69,1798.77,online
892,2024-01-04,60,2,3,23.85,71.55,loja
893,2023-01-19,294,10,4,23.95,95.8,online
894,2023-07-16,331,12,3,389.75,1169.24,online
895,2024-02-23,466,14,3,45.03,135.09,marketplace
896,2023-07-18,419,9,2,450.01,900.02,marketplace
897,2023-04-22,460,2,4,60.42,241.68,loja
898,2024-06-04,21,3,5,86.4,432.0,marketplace
899,2024-01-03,64,9,2,20.95,41.9,online
900,2023-04-10,24,9,3,449.17,1347.51,online
901,2024-12-11,268,15,5,198.87,994.35,online
902,2023-11-27,23,4,5,239.04,1195.2,loja
903,2023-03-20,283,4,2,899.3,1798.6,marketplace
904,2024-02-18,131,5,3,43.12,129.36,online
905,2024-11-14,482,12,2,261.26,522.52,loja
906,2024-11-23,331,4,5,3299.07,16495.35,online
907,2023-07-27,79,6,5,23.82,119.1,online
908,2023-02-09,64,9,4,125.95,503.8,loja
909,2023-06-11,399,5,5,549.07,2745.33,loja
910,2024-04-13,488,2,2,21.77,43.54,loja
911,2024-10-27,414,8,2,332.45,664.9,loja
912,2024-09-09,312,2,5,249.7,1248.5,loja
913,2024-03-12,413,12,2,236.75,473.5,marketplace
914,2024-08-19,66,5,5,196.32,981.6,loja
915,2023-03-13,291,12,5,389.16,1945.78,online
916,2024-12-25,128,11,1,76.58,76.58,marketplace
917,2024-06-26,240,9,4,188.92,755.68,online
918,2023-05-21,440,2,3,549.52,1648.56,online
919,2023-11-03,40,12,4,154.16,616.64,loja
920,2023-12-10,284,15,1,525.7,525.7,online
921,2023-08-16,264,11,1,549.68,549.68,marketplace
922,2023-12-01,366,7,1,27.35,27.35,marketplace
923,2023-10-15,494,3,3,3280.05,9840.15,marketplace
924,2023-09-12,488,1,2,899.08,1798.15,online
925,2023-06-22,128,14,4,110.19,440.76,marketplace
926,2024-05-07,2,12,1,73.82,73.82,marketplace
927,2023-08-20,435,8,4,3299.92,13199.69,loja
928,2024-05-12,55,1,3,87.65,262.95,online
929,2023-07-16,102,2,2,207.55,415.1,marketplace
930,2023-08-01,80,13,5,98.15,490.77,online
931,2024-06-14,457,3,2,525.66,1051.32,marketplace
932,2024-03-05,182,12,3,59.48,178.44,online
933,2023-02-07,146,1,1,249.88,249.88,loja
934,2023-03-22,102,8,4,413.54,1654.16,online
935,2024-11-23,66,6,1,278.72,278.72,online
936,2024-03-04,491,2,5,389.92,1949.62,loja
937,2023-11-08,27,11,2,322.48,644.96,online
938,2024-08-10,145,8,4,167.41,669.64,loja
939,2023-04-09,393,2,4,3299.62,13198.47,online
940,2023-08-23,401,13,2,24.84,49.68,loja
941,2023-04-04,68,7,5,56.22,281.1,loja
942,2024-01-20,103,2,3,3299.93,9899.79,loja
943,2023-04-11,219,8,4,297.71,1190.84,loja
944,2024-02-09,187,5,5,360.61,1803.05,online
945,2023-03-02,1,1,4,3299.32,13197.28,online
946,2023-07-06,130,8,2,104.92,209.84,online
947,2023-11-18,395,14,3,40.06,120.18,loja
948,2024-12-25,302,9,3,249.74,749.22,marketplace
949,2023-10-13,45,15,3,2152.16,6456.48,loja
950,2023-01-19,496,15,2,24.38,48.76,loja
951,2023-02-18,317,6,2,389.45,778.89,online
952,2023-01-05,99,7,4,106.66,426.64,marketplace
953,2024-06-15,323,12,3,88.41,265.23,loja
954,2023-03-20,141,12,4,60.38,241.53,loja
955,2023-12-07,380,14,3,125.04,375.12,online
956,2023-03-15,385,9,4,23.14,92.56,online
957,2024-04-06,2,3,5,449.39,2246.95,marketplace
958,2024-09-23,369,9,2,159.27,318.54,online
959,2024-09-04,88,4,3,33.2,99.6,loja
960,2023-05-05,139,14,5,3299.29,16496.46,loja
961,2023-01-21,178,11,2,32.58,65.16,marketplace
962,2024-12-05,210,15,3,39.06,117.18,marketplace
963,2023-06-08,375,5,3,249.99,749.96,loja
964,2023-12-24,353,7,3,79.06,237.18,online
965,2024-04-11,138,4,5,108.44,542.2,marketplace
966,2024-06-05,462,8,4,899.45,3597.78,loja
967,2023-04-19,252,12,4,423.8,1695.2,loja
968,2023-07-22,312,4,3,54.09,162.27,loja
969,2024-11-13,52,12,2,60.33,120.65,marketplace
970,2023-10-04,194,7,2,296.91,593.82,loja
971,2023-03-08,395,2,1,20.81,20.81,online
972,2023-02-18,377,14,2,26.5,53.0,online
973,2024-03-10,170,8,1,476.54,476.54,loja
974,2024-11-18,64,1,2,79.73,159.46,loja
975,2024-03-01,468,4,1,449.3,449.3,loja
976,2024-11-10,116,15,2,223.87,447.74,online
977,2023-04-04,490,5,1,236.87,236.87,online
978,2024-02-02,310,3,1,220.23,220.23,loja
979,2023-11-14,77,15,4,163.65,654.6,online
980,2023-05-16,339,6,5,37.19,185.95,online
981,2023-11-05,164,3,1,449.0,449.0,online
982,2024-02-04,296,7,4,314.04,1256.16,online
983,2023-03-25,198,6,2,32.89,65.78,online
984,2024-10-26,326,6,4,549.48,2197.93,loja
985,2024-09-18,253,9,2,241.47,482.94,marketplace
986,2024-09-19,398,12,2,64.23,128.46,loja
987,2023-01-12,286,8,1,3299.36,3299.36,loja
988,2024-03-10,236,3,1,120.16,120.16,marketplace
989,2023-01-24,71,2,4,711.01,2844.04,loja
990,2024-06-02,360,2,4,389.03,1556.11,marketplace
991,2023-01-05,188,3,1,1091.08,1091.08,loja
992,2024-03-25,94,8,2,20.5,41.0,loja
993,2024-07-24,173,8,5,389.95,1949.74,loja
994,2023-10-25,89,9,3,26.22,78.66,loja
995,2024-09-23,425,5,1,460.49,460.49,marketplace
996,2024-03-09,499,2,5,200.61,1003.05,marketplace
997,2024-10-02,113,7,4,673.22,2692.88,loja
998,2024-08-11,335,11,5,188.26,941.3,online
999,2024-11-14,100,5,4,899.05,3596.22,loja
1000,2024-01-08,145,3,1,34.47,34.47,marketplace
1001,2023-05-07,283,4,1,28.46,28.46,loja
1002,2023-10-26,248,1,2,199.99,399.97,loja
1003,2023-06-25,145,7,3,57.65,172.95,marketplace
1004,2024-03-23,346,2,2,192.17,384.34,online
1005,2023-09-26,397,3,4,98.74,394.97,loja
1006,2023-05-06,78,11,5,183.93,919.65,online
1007,2023-04-26,349,11,1,68.82,68.82,loja
1008,2024-08-26,68,6,2,449.52,899.03,online
1009,2024-01-23,397,11,3,191.1,573.3,online
1010,2023-03-19,322,8,2,3289.19,6578.38,loja
1011,2024-09-28,497,13,1,899.77,899.77,loja
1012,2023-05-06,35,5,4,38.15,152.6,marketplace
1013,2023-12-25,236,5,3,40.43,121.29,online
1014,2023-02-19,250,1,3,449.88,1349.63,online
1015,2023-08-12,263,14,3,236.38,709.14,marketplace
1016,2024-09-15,135,15,3,39.12,117.36,loja
1017,2023-12-27,288,1,5,25.96,129.79,loja
1018,2024-02-08,199,14,1,87.61,87.61,online
1019,2024-02-03,93,12,1,126.69,126.69,loja
1020,2024-06-03,163,6,4,449.43,1797.73,marketplace
1021,2024-02-09,233,1,4,2322.81,9291.24,marketplace
1022,2023-06-19,17,10,2,206.11,412.22,online
1023,2024-08-07,28,4,1,98.81,98.81,loja
1024,2023-02-05,36,5,4,65.35,261.4,online
1025,2024-07-17,110,11,1,177.19,177.19,online
1026,2024-06-25,153,3,2,79.95,159.91,loja
1027,2023-12-14,182,15,3,274.78,824.34,marketplace
1028,2023-02-24,342,10,4,20.59,82.36,marketplace
1029,2024-01-05,460,8,2,249.66,499.33,loja
1030,2024-05-17,370,1,4,38.95,155.8,online
1031,2023-01-07,382,4,2,22.65,45.3,online
1032,2024-04-12,108,4,5,449.17,2245.83,marketplace
1033,2023-05-10,258,14,1,206.36,206.36,loja
1034,2024-07-12,181,14,4,25.89,103.56,marketplace
1035,2024-02-06,235,7,4,449.97,1799.9,online
1036,2024-07-10,433,11,2,275.21,550.42,online
1037,2023-02-26,429,2,3,248.92,746.76,loja
1038,2023-08-24,385,10,1,220.83,220.83,marketplace
1039,2023-11-10,437,7,1,22.62,22.62,loja
1040,2024-02-07,439,8,2,215.04,430.08,loja
1041,2024-11-23,402,12,3,449.91,1349.74,online
1042,2024-05-22,136,5,1,199.12,199.12,online
1043,2024-01-01,14,3,2,118.93,237.86,online
1044,2024-06-06,492,10,5,80.64,403.21,online
1045,2023-10-21,202,14,2,437.63,875.26,loja
1046,2024-12-06,207,15,5,88.17,440.85,online
1047,2023-12-26,65,9,5,899.44,4497.19,loja
1048,2024-09-06,486,6,5,188.17,940.85,loja
1049,2023-11-25,304,3,1,21.02,21.02,loja
1050,2023-10-13,13,12,5,389.54,1947.72,loja
1051,2024-03-08,335,15,4,23.73,94.92,loja
1052,2023-12-25,414,13,3,1775.63,5326.89,online
1053,2023-03-21,12,11,3,25.95,77.86,marketplace
1054,2023-02-05,145,5,1,38.32,38.32,loja
1055,2024-04-13,52,8,1,39.72,39.72,loja
1056,2023-04-22,215,7,4,60.39,241.55,online
1057,2024-01-06,338,10,4,89.11,356.44,marketplace
1058,2024-08-20,308,9,1,58.94,58.94,loja
1059,2023-04-20,16,9,2,449.74,899.48,loja
1060,2023-06-04,461,4,5,346.45,1732.25,loja
1061,2023-05-09,247,4,3,213.17,639.51,loja
1062,2024-08-24,415,8,3,389.55,1168.65,online
1063,2024-03-07,352,14,5,507.92,2539.6,online
1064,2024-03-26,106,12,4,43.29,173.16,online
1065,2024-06-20,56,10,4,98.45,393.78,online
1066,2024-11-27,33,8,4,1879.66,7518.64,loja
1067,2024-05-20,424,15,1,128.56,128.56,marketplace
1068,2023-06-14,405,3,3,549.03,1647.09,online
1069,2024-06-05,400,6,2,28.59,57.18,loja
1070,2024-04-15,291,13,1,177.62,177.62,online
1071,2024-10-07,270,4,2,449.07,898.13,loja
1072,2023-10-21,216,11,5,148.86,744.3,online
1073,2023-01-26,253,8,3,39.18,117.54,loja
1074,2024-03-20,168,10,3,549.12,1647.36,online
1075,2023-11-26,439,10,2,24.25,48.5,loja
1076,2024-01-18,471,9,4,43.58,174.32,loja
1077,2024-02-27,411,7,3,25.92,77.75,online
1078,2024-02-18,397,6,3,192.6,577.8,online
1079,2024-08-28,329,15,5,63.23,316.15,loja
1080,2023-01-27,6,3,3,220.0,660.01,loja
1081,2024-04-06,46,4,3,61.19,183.57,online
1082,2023-05-26,23,2,5,122.66,613.3,loja
1083,2024-05-23,88,15,3,60.16,180.49,loja
1084,2024-03-25,300,15,5,173.35,866.75,online
1085,2023-10-16,339,8,4,20.72,82.88,online
1086,2023-02-09,393,5,3,449.73,1349.19,loja
1087,2023-11-21,377,14,3,378.45,1135.35,loja
1088,2023-04-01,344,4,1,58.77,58.77,online
1089,2024-04-27,303,13,4,3299.49,13197.95,marketplace
1090,2024-12-15,336,3,5,38.77,193.85,marketplace
1091,2024-07-15,445,10,1,30.14,30.14,marketplace
1092,2023-05-14,85,11,2,449.4,898.8,online
1093,2024-02-24,57,4,5,20.6,103.0,loja
1094,2024-11-17,232,6,4,254.48,1017.92,online
1095,2024-07-07,78,7,1,98.55,98.55,marketplace
1096,2024-05-12,51,1,4,163.17,652.68,online
1097,2024-03-20,142,9,4,984.05,3936.2,marketplace
1098,2023-11-08,491,2,4,449.43,1797.73,loja
1099,2024-04-03,273,2,1,118.37,118.37,online
1100,2024-07-13,52,4,2,68.38,136.76,online
1101,2023-06-21,148,12,4,3299.17,13196.68,marketplace
1102,2023-09-23,319,8,3,21.15,63.45,online
1103,2023-03-06,171,15,2,296.98,593.96,online
1104,2024-06-01,91,5,2,130.57,261.13,loja
1105,2023-10-12,497,8,2,24.49,48.98,marketplace
1106,2024-02-02,420,1,1,1136.85,1136.85,marketplace
1107,2023-03-25,49,2,3,80.13,240.38,online
1108,2024-09-09,340,8,3,647.56,1942.68,online
1109,2024-05-23,171,15,3,37.34,112.02,marketplace
1110,2023-03-14,439,4,5,1299.11,6495.56,loja
1111,2024-06-07,382,2,3,59.53,178.59,loja
1112,2024-11-22,279,15,4,20.64,82.56,online
1113,2024-06-13,302,7,5,899.27,4496.33,online
1114,2024-10-04,222,13,3,154.77,464.31,online
1115,2024-02-01,256,15,5,359.91,1799.55,loja
1116,2024-10-18,341,3,4,26.05,104.2,online
1117,2024-01-15,21,4,4,31.62,126.48,online
1118,2024-01-14,181,11,5,22.12,110.6,loja
1119,2024-09-22,491,13,1,200.04,200.04,marketplace
1120,2023-12-07,222,10,2,48.46,96.92,loja
1121,2024-04-26,348,11,3,125.38,376.14,online
1122,2023-05-10,306,5,4,549.97,2199.87,loja
1123,2024-10-05,350,13,5,379.15,1895.75,loja
1124,2023-05-10,44,5,3,385.94,1157.82,marketplace
1125,2024-02-05,270,8,4,449.18,1796.73,online
1126,2024-08-12,219,8,5,73.44,367.2,online
1127,2023-07-03,387,3,4,55.39,221.56,marketplace
1128,2024-03-20,279,15,3,449.24,1347.73,marketplace
1129,2024-03-13,344,1,3,103.01,309.03,online
1130,2023-01-09,425,11,5,1093.33,5466.65,loja
1131,2024-10-16,354,6,3,220.0,659.99,loja
1132,2023-12-07,265,3,1,235.72,235.72,marketplace
1133,2023-05-21,160,12,4,216.49,865.96,loja
1134,2023-02-01,79,10,4,220.59,882.35,loja
1135,2023-08-01,427,9,5,29.86,149.3,online
1136,2024-07-16,95,14,4,121.77,487.08,loja
1137,2024-11-20,64,7,5,200.72,1003.61,loja
1138,2023-03-17,380,12,1,144.54,144.54,marketplace
1139,2024-11-04,492,10,2,634.52,1269.04,online
1140,2024-12-26,55,8,3,26.18,78.53,online
1141,2024-02-19,200,1,4,44.59,178.36,marketplace
1142,2024-01-12,493,3,3,90.9,272.7,online
1143,2023-06-17,439,14,4,199.91,799.64,marketplace
1144,2024-09-03,90,11,2,226.68,453.36,loja
1145,2024-08-23,440,13,3,24.24,72.72,loja
1146,2024-07-03,470,14,3,449.76,1349.29,online
1147,2023-10-23,475,9,4,794.87,3179.48,marketplace
1148,2024-10-20,425,7,3,633.34,1900.02,loja
1149,2023-04-04,341,2,1,130.75,130.75,online
1150,2023-02-06,373,15,4,194.02,776.08,online
1151,2024-02-02,434,12,4,25.02,100.08,loja
1152,2023-03-11,56,12,4,449.37,1797.5,online
1153,2023-04-09,252,8,4,889.22,3556.88,online
1154,2024-09-26,405,4,2,2453.52,4907.04,loja
1155,2023-04-02,415,3,5,130.53,652.65,loja
1156,2023-06-06,350,12,3,195.04,585.12,marketplace
1157,2024-09-12,183,10,4,2749.45,10997.8,marketplace
1158,2024-11-13,448,2,2,449.07,898.13,marketplace
1159,2024-02-04,256,4,1,707.72,707.72,loja
1160,2023-05-27,129,7,5,161.96,809.8,online
1161,2024-02-18,295,4,1,80.77,80.77,marketplace
1162,2023-09-23,457,2,5,153.95,769.75,marketplace
1163,2024-11-01,17,6,4,91.56,366.24,online
1164,2023-03-07,281,14,3,3299.33,9898.0,online
1165,2023-06-03,487,7,1,1638.37,1638.37,marketplace
1166,2024-03-09,371,1,5,26.29,131.45,loja
1167,2024-07-16,156,13,1,1299.51,1299.51,loja
1168,2023-09-20,441,7,1,24.32,24.32,loja
1169,2024-12-05,221,12,5,86.69,433.45,online
1170,2023-10-12,181,4,5,899.12,4495.58,online
1171,2023-02-19,6,4,4,24.52,98.08,online
1172,2023-12-08,417,1,5,29.15,145.75,loja
1173,2024-01-11,180,10,1,899.44,899.44,loja
1174,2024-11-04,337,2,3,552.78,1658.34,loja
1175,2024-04-15,366,5,3,108.31,324.93,online
1176,2023-09-09,164,12,5,200.77,1003.84,marketplace
1177,2024-12-20,249,5,5,22.15,110.75,loja
1178,2023-05-24,284,4,2,30.7,61.4,loja
1179,2023-01-08,358,8,3,389.82,1169.45,online
1180,2023-05-09,302,7,1,74.83,74.83,online
1181,2024-08-01,442,7,1,50.67,50.67,online
1182,2024-03-22,221,9,4,130.12,520.5,loja
1183,2024-01-20,387,15,3,79.52,238.56,online
1184,2023-01-11,372,14,3,343.17,1029.51,marketplace
1185,2023-02-18,199,12,4,80.33,321.31,online
1186,2024-03-13,240,12,5,562.08,2810.4,loja
1187,2024-02-08,395,9,2,21.18,42.36,online
1188,2024-06-09,338,5,3,220.29,660.88,marketplace
1189,2024-05-28,92,8,1,32.25,32.25,online
1190,2023-06-16,327,14,1,31.35,31.35,marketplace
1191,2023-05-20,283,6,2,549.06,1098.12,loja
1192,2024-05-28,254,3,4,246.79,987.16,loja
1193,2023-04-04,336,1,2,785.82,1571.64,loja
1194,2024-01-18,368,4,5,80.34,401.7,loja
1195,2024-09-23,23,10,3,22.9,68.7,loja
1196,2024-02-17,40,4,3,23.09,69.27,loja
1197,2024-02-21,219,15,3,220.27,660.81,online
1198,2024-06-14,460,11,2,55.89,111.78,online
1199,2023-06-02,149,15,4,131.88,527.52,loja
1200,2023-06-17,367,13,5,130.01,650.03,marketplace
